subject,r,object
(:Node {name: 국도화학}),[:RELATED {type: 화학소재기업}],(:Node {name: 에폭시수지 기반의})
(:Node {name: 매출의 97.9%}),[:RELATED {type: 발생}],(:Node {name: 에폭시수지를 통해서})
(:Node {name: 국도화학의 매출의 97.9%}),[:RELATED {type: 확인}],(:Node {name: 2021년})
(:Node {name: 국도화학이}),[:RELATED {type: 차지하는}],(:Node {name: 수출이 비중이})
(:Node {name: 수출이 비중이}),[:RELATED {type: 나타난다}],(:Node {name: 46.8% (2019년 수준)})
(:Node {name: 국도화학이}),[:RELATED {type: 확대되고}],(:Node {name: 수출 매출이})
(:Node {name: 수출 매출이}),[:RELATED {type: 확대되고}],(:Node {name: 76.1% (2021년 수준)})
(:Node {name: 국도화학}),[:RELATED {type: 갖춤}],(:Node {name: 세계 1위 수준의 에폭시수지 생산능력})
(:Node {name: 국도화학}),[:RELATED {type: 갖춤}],(:Node {name: 2021년 82만톤의 에폭시수지 생산능력})
(:Node {name: 국도화학이}),[:RELATED {type: 설립하였다}],(:Node {name: 2021년 4월과 2022년 1월에 독일과 미국에 신규법인을})
(:Node {name: 국도화학이}),[:RELATED {type: 확대하였다}],(:Node {name: 글로벌 사업기반을})
(:Node {name: 국도화학}),[:RELATED {type: 강화하고 있다}],(:Node {name: 에폭시수지 사업부문})
(:Node {name: 국도화학}),[:RELATED {type: 흡수합병하였다}],(:Node {name: 국내의 에폭시수지 제조기업 국도정밀})
(:Node {name: 에폭시수지}),[:RELATED {type: 사용되는 소재이다}],(:Node {name: 선박과 건축용 도료})
(:Node {name: 에폭시수지}),[:RELATED {type: 사용되는 소재이다}],(:Node {name: 접착제 및 전기 전자용})
(:Node {name: 에폭시수지}),[:RELATED {type: 사용되는 소재이다}],(:Node {name: 자동차 복합소재 등의 산업분야})
(:Node {name: 에폭시수지}),[:RELATED {type: 특징이 있다}],(:Node {name: 경기변동에 비교적 안정적인 수요})
(:Node {name: 전방산업의 수요가}),[:RELATED {type: 회복되면서}],"(:Node {name: 자동차, 조선, 건설 등의 수요})"
(:Node {name: 수요도}),[:RELATED {type: 증가하고 있다}],(:Node {name: 글로벌 에폭시수지에 대한 수요})
(:Node {name: 생산이}),[:RELATED {type: 전망되고 있다}],(:Node {name: 확대될 것으로})
(:Node {name: 국도화학}),[:RELATED {type: 지속하고 있다}],(:Node {name: 신성장동력을 확보하기 위한 개발})
(:Node {name: 국도화학}),[:RELATED {type: 지속하고 있다}],(:Node {name: 고부가가치 제품의 개발 및 생산})
(:Node {name: 국도화학}),[:RELATED {type: 지속하고 있다}],(:Node {name: 연구개발활동})
(:Node {name: 국도화학}),[:RELATED {type: 공급하고 있다}],(:Node {name: 덴마크의 베스타스에게 풍력 설비용 에폭시수지})
(:Node {name: 국도화학}),[:RELATED {type: 공급하고 있다}],(:Node {name: 독일의 지멘스에게 풍력 설비용 에폭시수지})
(:Node {name: 국도화학}),[:RELATED {type: 공급하고 있다}],(:Node {name: 미국의 헥셀에게 풍력 설비용 에폭시수지})
(:Node {name: 국도화학}),[:RELATED {type: 다양화하고 있다}],(:Node {name: 전기자동차 부품용 제품})
(:Node {name: 국도화학}),[:RELATED {type: 다양화하고 있다}],(:Node {name: 수소탱크용 제품})
(:Node {name: 국도화학}),[:RELATED {type: 다양화하고 있다}],(:Node {name: 우주항공분야 제품})
(:Node {name: 국도화학}),[:RELATED {type: 집중하여 유지하고 있다}],(:Node {name: 에폭시수지 개발 및 생산})
(:Node {name: 국도화학}),[:RELATED {type: 유지하고 있다}],(:Node {name: 흑자 기조})
(:Node {name: 국도화학}),[:RELATED {type: 생산능력이 있다}],(:Node {name: 2021년 기준 연간 82만톤})
(:Node {name: 국도화학}),[:RELATED {type: 세계 1위이다}],(:Node {name: 에폭시수지 생산능력 수준})
(:Node {name: 국도화학}),[:RELATED {type: 흡수합병을 통해 강화하였다}],(:Node {name: 2022년 7월 국도정밀의 에폭시 사업부문})
(:Node {name: 국도화학}),[:RELATED {type: 고부가가치 제품 개발을 통해}],(:Node {name: 판매 확대})
(:Node {name: 국도화학}),[:RELATED {type: 개발 및 판매 확대를 통해}],(:Node {name: 신성장동력 확보})
(:Node {name: 국도화학}),[:RELATED {type: 블레이드용 에폭시수지 매출 확대가 있음}],(:Node {name: 글로벌 그린 뉴딜의 영향으로})
(:Node {name: 국도화학}),[:RELATED {type: 블레이드용 에폭시수지 매출 확대가 있음}],(:Node {name: 친환경 정책 추진의 영향으로})
(:Node {name: 국도화학}),[:RELATED {type: 개발하고 있다}],(:Node {name: 전기자동차용 에폭시수지})
(:Node {name: 국도화학}),[:RELATED {type: 개발하고 있다}],(:Node {name: 수소탱크용 에폭시수지})
(:Node {name: 국도화학}),[:RELATED {type: 개발하고 있다}],(:Node {name: 우주항공분야용 에폭시수지})
(:Node {name: 국도화학의 에폭시수지 사업부문}),[:RELATED {type: 차지}],(:Node {name: 2021년 기준 전체 매출의 97.9%})
(:Node {name: 국도화학}),[:RELATED {type: 개발}],(:Node {name: 친환경 제품})
(:Node {name: 국도화학}),[:RELATED {type: 친환경 제품 개발}],(:Node {name: 환경 관련 법규의 강화에 따라})
(:Node {name: 국도화학}),[:RELATED {type: 친환경 제품 개발}],(:Node {name: 고객의 증가하는 수요에 따라})
(:Node {name: 국도화학}),[:RELATED {type: 시작}],(:Node {name: 물 기반 폴리우레탄 사업 (2018년부터)})
(:Node {name: 폴리우레탄 제품}),[:RELATED {type: 구현}],(:Node {name: 유기용제를 사용하지 않는 친환경 접착제 등})
(:Node {name: 친환경 폴리우레탄 시장}),[:RELATED {type: 증가}],(:Node {name: 매년})
(:Node {name: 국도화학}),[:RELATED {type: 구비}],"(:Node {name: 헬스기구, 탁구장 등 운동시설})"
(:Node {name: 국도화학}),[:RELATED {type: 운영}],(:Node {name: 휴게실 및 샤워시설})
(:Node {name: 국도화학}),[:RELATED {type: 제공}],(:Node {name: 동호회 운영비})
(:Node {name: 국도화학}),[:RELATED {type: 제공}],"(:Node {name: 자녀 학자금, 휴가비})"
(:Node {name: 국도화학}),[:RELATED {type: 제공}],(:Node {name: 장기근속자 포상})
(:Node {name: 국도화학}),[:RELATED {type: 개발}],(:Node {name: 에폭시수지 및 폴리올수지})
(:Node {name: 국도화학}),[:RELATED {type: 제조}],(:Node {name: 에폭시수지 및 폴리올수지})
(:Node {name: 국도화학}),[:RELATED {type: 판매}],(:Node {name: 에폭시수지 및 폴리올수지})
(:Node {name: 국도화학}),[:RELATED {type: 차지하고}],(:Node {name: 에폭시수지 사업부문})
(:Node {name: 에폭시수지 사업부문}),[:RELATED {type: 차지하고}],(:Node {name: 매출의 전체})
(:Node {name: 매출의 전체}),[:RELATED {type: 차지하고}],(:Node {name: 97.90%})
(:Node {name: 수출 통한 매출}),[:RELATED {type: 발생}],(:Node {name: 76.10%})
(:Node {name: 국도화학}),[:RELATED {type: 설립되다}],(:Node {name: 1972년 2월})
(:Node {name: 중견기업}),[:RELATED {type: 상장되다}],(:Node {name: 1989년 8월 유가증권시장에})
(:Node {name: 국도화학}),[:RELATED {type: 영위하다}],(:Node {name: 사업})
(:Node {name: 국도화학}),[:RELATED {type: 제조 및 판매하다}],(:Node {name: 에폭시수지})
(:Node {name: 국도화학}),[:RELATED {type: 제조 및 판매하다}],(:Node {name: 경화제})
(:Node {name: 국도화학}),[:RELATED {type: 가지다}],(:Node {name: 연결대상 종속회사 8개})
(:Node {name: 국도정밀㈜}),[:RELATED {type: 흡수합병되다}],(:Node {name: 국도화학})
(:Node {name: 국도정밀㈜}),[:RELATED {type: 제조하다}],(:Node {name: 에폭시수지 및 임가공 업체})
(:Node {name: 국도 코퍼레이션}),[:RELATED {type: 보유하다}],(:Node {name: 국도화학의 23.71% 지분})
(:Node {name: 이시창}),[:RELATED {type: 보유하다}],(:Node {name: 국도화학의 75.88% 지분})
(:Node {name: 국도 코퍼레이션}),[:RELATED {type: 이다}],(:Node {name: 국도화학의 최대주주})
(:Node {name: 이시창}),[:RELATED {type: 이다}],(:Node {name: 국도화학의 대표이사})
(:Node {name: 이시창 회장}),[:RELATED {type: 관리하고 있다}],(:Node {name: 경영전반})
(:Node {name: 이시창 회장}),[:RELATED {type: 이다}],(:Node {name: 국도화학의 대표이사})
(:Node {name: 허연진 사장}),[:RELATED {type: 이다}],(:Node {name: 국도화학의 대표이사})
(:Node {name: 이시창 회장}),[:RELATED {type: 역임했다}],(:Node {name: 국도화학의 경영기획실장})
(:Node {name: 허연진 사장}),[:RELATED {type: 역임했다}],(:Node {name: GLOBAL사업부본부장})
(:Node {name: 허연진 사장}),[:RELATED {type: 취임했다}],(:Node {name: 대표이사로})
(:Node {name: 허연진 사장}),[:RELATED {type: 총괄하고 있다}],(:Node {name: 사업전반})
(:Node {name: 국도화학의 사업부문}),[:RELATED {type: 구성되어있다}],(:Node {name: 제품의 특성에 따라})
(:Node {name: 국도화학의 사업부문}),[:RELATED {type: 구성되어 있다}],(:Node {name: 에폭시수지 및 폴리올수지})
(:Node {name: 국도화학의 사업부문}),[:RELATED {type: 포함하고 있다}],(:Node {name: 에폭시수지})
(:Node {name: 국도화학의 사업부문}),[:RELATED {type: 포함하고 있다}],(:Node {name: 경화제})
(:Node {name: 국호화학의 사업부문}),[:RELATED {type: 포함하고 있다}],(:Node {name: 에폭시수지의 반응성 희석제})
(:Node {name: 국도화학의 사업부문}),[:RELATED {type: 포함하고 있다}],(:Node {name:  폴리올수지})
(:Node {name: 폴리올수지}),[:RELATED {type: 원료이다}],(:Node {name: 폴리우레탄})
(:Node {name: 국도화학}),[:RELATED {type: 판매되고 있다}],(:Node {name: 일부 기본수지류})
(:Node {name: 일부 기본수지류}),[:RELATED {type: 확보해두고 판매되고 있다}],(:Node {name: 일정 재고})
(:Node {name: 국도화학 제품}),[:RELATED {type: 판매되고 있다}],(:Node {name: 사전주문에 의해})
(:Node {name: 국도화학의 에폭시사업부}),[:RELATED {type: 확보하여 판매되고 있다}],(:Node {name:  ㈜케이씨씨})
(:Node {name: 국도화학의 에폭시사업부}),[:RELATED {type: 확보하여 판매되고 있다}],(:Node {name: 조광요턴})
(:Node {name: 국도화학의 에폭시사업부}),[:RELATED {type: 확보하여 판매되고 있다}],(:Node {name: 츄고쿠삼화페인트})
(:Node {name: 국도화학의 GLOBAL사업부}),[:RELATED {type: 하고 있다}],(:Node {name: 해외 에이전트를 상대로 영업 활동을})
(:Node {name: 국도화학의 GLOBAL사업부}),[:RELATED {type: 하고 있다}],(:Node {name: 실거래처를 상대로 영업 활동을})
(:Node {name: 국도화학의 매출액}),[:RELATED {type: 증가하고 있다}],(:Node {name: 매년})
(:Node {name: 국도화학의 매출액}),[:RELATED {type: 확인된다}],(:Node {name: 2019년 1조 215억 원})
(:Node {name: 국도화학의 매출액}),[:RELATED {type: 확인된다}],(:Node {name: 2020년 1조 327억 원})
(:Node {name: 국도화학의 매출액}),[:RELATED {type: 확인된다}],(:Node {name: 2021년 1조 771억 원})
(:Node {name: 에폭시수지 사업부문}),[:RELATED {type: 확인된다}],(:Node {name: 매년 증가})
(:Node {name: 에폭시수지 사업부문의 비중}),[:RELATED {type: 차지하고 있다}],(:Node {name: 2019년 93.4%})
(:Node {name: 에폭시수지 사업부문의 비중}),[:RELATED {type: 차지하고 있다}],(:Node {name: 2020년 96.2%})
(:Node {name: 에폭시수지 사업부문의 비중}),[:RELATED {type: 차지하고 있다}],(:Node {name: 2021년 97.9%})
(:Node {name: 국도화학 2019년의 수출 비중}),[:RELATED {type: 나타난다}],(:Node {name: 46.80%})
(:Node {name: 국도화학 2020년의 수출 비중}),[:RELATED {type: 나타난다}],(:Node {name: 50.90%})
(:Node {name: 국도화학 2021년의 수출 비중}),[:RELATED {type: 나타난다}],(:Node {name: 76.10%})
(:Node {name: 국도화학 2022년 상반기의 수출 비중}),[:RELATED {type: 나타난다}],(:Node {name: 76.30%})
(:Node {name: 국도화학의 환경 부문}),[:RELATED {type: 개발하고 있다}],(:Node {name: 친환경 제품을})
(:Node {name: 국도화학}),[:RELATED {type: 개발하고 있다}],(:Node {name: 법규 강화 등으로 인한 친환경 제품 수요 증가에 따라})
(:Node {name: 국도화학}),[:RELATED {type: 시작했다}],(:Node {name: 2018년 중반부터 수분산형 폴리우레탄 사업을})
(:Node {name: 수분산형 폴리우레탄}),[:RELATED {type: 사용하지 않고}],(:Node {name: 유기용제를})
(:Node {name: 수분산형 폴리우레탄}),[:RELATED {type: 사용하고}],(:Node {name: 물을})
(:Node {name: 수분산형 폴리우레탄}),[:RELATED {type: 구현한}],"(:Node {name: 친환경 제품으로 코팅, 접착제 등을})"
(:Node {name: 관련 시장}),[:RELATED {type: 증가하고 있다}],(:Node {name: 매년})
(:Node {name: 국도화학}),[:RELATED {type: 구체화시키고 있다}],(:Node {name: 고객의 수요를 신제품 개발로})
(:Node {name: 국도화학}),[:RELATED {type: 제공하고 있다}],(:Node {name: 임직원들에게 다양한 복지제도를})
(:Node {name: 국도화학}),[:RELATED {type: 운영하고 있다}],(:Node {name: 쾌적한 업무환경 조성을 위해})
(:Node {name: 국도화학}),[:RELATED {type: 운영하고 있다}],(:Node {name: 헬스기구 등의 운동시설을})
(:Node {name: 국도화학}),[:RELATED {type: 운영하고 있다}],(:Node {name: 탁구장을})
(:Node {name: 국도화학}),[:RELATED {type: 운영하고 있다}],(:Node {name: 휴게실을})
(:Node {name: 국도화학}),[:RELATED {type: 운영하고 있다}],(:Node {name: 샤워시설을})
(:Node {name: 국도화학}),[:RELATED {type: 지원하고 있다}],(:Node {name: 운영비})
(:Node {name: 국도화학}),[:RELATED {type: 지원하고 있다}],(:Node {name: 자녀 학자금})
(:Node {name: 국도화학}),[:RELATED {type: 지원하고 있다}],(:Node {name: 휴가비})
(:Node {name: 국도화학}),[:RELATED {type: 지원하고 있다}],(:Node {name: 장기근속자 포상})
(:Node {name: 국도화학}),[:RELATED {type: 지원하고 있다}],(:Node {name: 임직원들의 행복한 삶})
(:Node {name: 국도화학}),[:RELATED {type: 기부하는}],(:Node {name: 지자체에})
(:Node {name: 국도화학}),[:RELATED {type: 기부하는}],(:Node {name: 마스크를})
(:Node {name: 국도화학}),[:RELATED {type: 지속}],(:Node {name: 사회 환원 활동})
(:Node {name: 국도화학}),[:RELATED {type: 하회한다}],(:Node {name: 여성 근로자 비율})
(:Node {name: 여성 근로자 비율}),[:RELATED {type: 하회한다}],(:Node {name: 11.3%로})
(:Node {name: 국도화학}),[:RELATED {type: 속한}],(:Node {name: 화학제품})
(:Node {name: 화학제품 물질}),[:RELATED {type: 여성고용비율}],"(:Node {name: 화학제품, 여성고용비율, 제조업})"
(:Node {name: 여성고용비율}),[:RELATED {type: 하회한다}],(:Node {name: 78.50%})
(:Node {name: 국도화학의 수준은}),[:RELATED {type: 상회}],(:Node {name: 57.4%를})
(:Node {name: 남성 대비}),[:RELATED {type: 상회}],(:Node {name: 여성 근로자의 수준은})
(:Node {name: 여성 근로자의 임금 수준은}),[:RELATED {type: 상회}],(:Node {name: 75.7%로})
(:Node {name: 동산업 평균인}),[:RELATED {type: 상회}],(:Node {name: 57.40%})
(:Node {name: 국도화학의 이사회는}),[:RELATED {type: 총 11명 구성되어}],"(:Node {name: 8명 사내이사, 3명 사외이사})"
(:Node {name: 11명}),[:RELATED {type: 구성되어}],(:Node {name: 상근감사})
(:Node {name: 상근감사}),[:RELATED {type: 수행하고}],(:Node {name: 1명이})
(:Node {name: 상근감사}),[:RELATED {type: 수행하고 있다}],(:Node {name: 업무})
(:Node {name: 국도화학의 현금배당수익률은}),[:RELATED {type: 확인된다}],(:Node {name: 3.82%로})
(:Node {name: 국도화학의 현금배당수익률은}),[:RELATED {type: 2.21%}],(:Node {name: 제49기})
(:Node {name: 국도화학의 현금배당수익률은}),[:RELATED {type: 3.82%}],(:Node {name: 제50기})
(:Node {name: 제49기}),[:RELATED {type: 2.21%}],(:Node {name: 2020년})
(:Node {name: 제50기}),[:RELATED {type: 3.82%}],(:Node {name: 2021년})
(:Node {name: 에폭시수지}),[:RELATED {type: 사용되는}],(:Node {name: 고기능성 소재로})
(:Node {name: 산업분야에서}),[:RELATED {type: 사용되는}],(:Node {name: 고기능성 소재로})
(:Node {name: 에폭시수지는}),[:RELATED {type: 침체 했다}],(:Node {name: 자동차 산업의 수요가})
(:Node {name: 에폭시수지는}),[:RELATED {type: 침체 했다}],(:Node {name: 조선 산업의 수요가})
(:Node {name: 에폭시수지는}),[:RELATED {type: 침체 했다}],(:Node {name: 건설 산업의 수요가})
(:Node {name: 에폭시수지}),[:RELATED {type: 침체 했다}],(:Node {name: 전방산업})
(:Node {name: 자동차 산업의 수요가}),[:RELATED {type: 회복}],(:Node {name: 에폭시수지의 수요도 증가})
(:Node {name: 조선 산업의 수요가}),[:RELATED {type: 회복}],(:Node {name: 에폭시수지의 수요도 증가})
(:Node {name: 건설 산업의 수요가}),[:RELATED {type: 회복}],(:Node {name: 에폭시수지의 수요도 증가})
(:Node {name: 경기 재개에 대한 기대감 등}),[:RELATED {type: 회복}],(:Node {name: 에폭시수지의 수요도 증가})
(:Node {name: 에폭시수지의 수요}),[:RELATED {type: 전망}],(:Node {name: 생산 확대})
(:Node {name: 에폭시수지}),[:RELATED {type: 사용되며}],(:Node {name: 주로 코팅재 방수재의 용도로})
(:Node {name: 에폭시수지}),[:RELATED {type: 사용되는}],(:Node {name: 도료})
(:Node {name: 에폭시수지}),[:RELATED {type: 사용되는}],(:Node {name: 접착제})
(:Node {name: 에폭시수지}),[:RELATED {type: 사용되는}],(:Node {name: 자동차 복합소재})
(:Node {name: 에폭시수지}),[:RELATED {type: 사용되는}],(:Node {name: 다양한 산업분야})
(:Node {name: 에폭시 수출단가는}),[:RELATED {type: 머물러왔으나}],(:Node {name: 2015년부터 2020년까지})
(:Node {name: 에폭시 수출단가는}),[:RELATED {type: 머물러왔으나}],"(:Node {name: 2,000달러 선에})"
(:Node {name: 수출단가는}),[:RELATED {type: 확인된다}],(:Node {name: 2021년 11월 이후 189달러로})
(:Node {name: 기록을}),[:RELATED {type: 세운}],(:Node {name: 1990년 이후 최고치})
(:Node {name: 자동차 산업}),[:RELATED {type: 침체했던}],(:Node {name: COVID19 팬데믹으로})
(:Node {name: 조선 산업}),[:RELATED {type: 침체했던}],(:Node {name: COVID19 팬데믹으로})
(:Node {name: 건설 산업}),[:RELATED {type: 침체했던}],(:Node {name: COVID19 팬데믹으로})
(:Node {name: 자동차 산업}),[:RELATED {type: 되살아나고}],(:Node {name: 2020년})
(:Node {name: 조선 산업}),[:RELATED {type: 되살아나고}],(:Node {name: 2020년})
(:Node {name: 건설 산업}),[:RELATED {type: 되살아나고}],(:Node {name: 2020년})
(:Node {name: 수요가}),[:RELATED {type: 되살아나고}],(:Node {name: 억눌려있던 세계의 수요의 회복에})
(:Node {name: 에폭시 수출단가가}),[:RELATED {type: 떨어졌지만}],(:Node {name: 2022년에는})
(:Node {name: 에폭시 수출단가}),[:RELATED {type: 떨어졌지만}],"(:Node {name: 다시 4,000달러대로})"
(:Node {name: 에폭시 수출단가가}),[:RELATED {type: 유지하고}],(:Node {name: 여전히 높은 수준을})
(:Node {name: 미국·유럽·중국 등 국가의 인프라 투자 확대}),[:RELATED {type: 힘입어}],(:Node {name: 글로벌 수요 회복에})
(:Node {name: 에폭시수지}),[:RELATED {type: 유지될}],(:Node {name: 가격 강세})
(:Node {name: 에폭시수지}),[:RELATED {type: 전망}],(:Node {name: 가격 강세})
(:Node {name: 세계 에폭시수지 시장은}),[:RELATED {type: 2022년 규모에서}],(:Node {name:  66.4억 달러})
(:Node {name: 세계 에폭시수지 시장은}),[:RELATED {type: 성장}],(:Node {name: 연평균 4.9%로})
(:Node {name: 세계 에폭시수지 시장이}),[:RELATED {type: 성장할}],(:Node {name: 028년에는 88.4억 달러 규모로})
(:Node {name: 세계 에폭시수지 시장이}),[:RELATED {type: 전망}],(:Node {name: 성장할 것으로})
(:Node {name: 통계청에 따르면}),[:RELATED {type: 규모이다}],"(:Node {name: 국내 시장은 2019년 1조 5,807억 원})"
(:Node {name: 국내 시장은}),[:RELATED {type: 성장하고 있다}],(:Node {name: 연평균성장률 12.39%로})
(:Node {name: 국내 시장은}),[:RELATED {type: 형성할 것으로 예상되고 있다}],"(:Node {name: 2조 8,350억 원 규모의 시장을 2024년에})"
(:Node {name: 국내 시장은}),[:RELATED {type: 예상되고 있다}],"(:Node {name: 2024년에 2조 8,350억 원 규모의 시장을 형성할 것으로})"
(:Node {name: 에폭시수지 산업은}),[:RELATED {type: 합성되는}],(:Node {name: 비스페놀A 및 에피클로로하드린 등의 석유화학화합물로부터})
(:Node {name: 에폭시수지의 원료인 비스페놀A}),[:RELATED {type: 합성되는}],(:Node {name: 석유화학화합물로부터})
(:Node {name: 비스페놀A 및 에피클로로하드린은}),[:RELATED {type: 합성되는}],(:Node {name: 아세톤 등의 석유화학화합물로부터})
(:Node {name: 에폭시수지 산업은}),[:RELATED {type: 높고}],(:Node {name: 원료의 해외의존도가})
(:Node {name: 에폭시수지 산업은}),[:RELATED {type: 민감}],(:Node {name: 환율 및 유가에는})
(:Node {name: 에폭시수지 산업은}),[:RELATED {type: 쉽지 않다}],(:Node {name: 공급량의 수요에 따른 조절이})
(:Node {name: 에폭시수지 산업}),[:RELATED {type: 특징이 있다}],(:Node {name: 높고 해외의존도가 다소 민감})
(:Node {name: 국제유가와 원자재 가격이}),[:RELATED {type: 급등하여}],(:Node {name: 최근 러시아와 우크라이나 간의 전쟁으로 인해})
(:Node {name: 스태그플레이션의 우려 등의 요인이}),[:RELATED {type: 미칠}],(:Node {name: 에폭시수지 산업에도})
(:Node {name: 국제유가와 원자재 가격이}),[:RELATED {type: 급등하여}],(:Node {name: 스태그플레이션의 우려})
(:Node {name: 부정적인 영향}),[:RELATED {type: 미칠}],(:Node {name: 에폭시수지 산업에})
(:Node {name: 미국과 중국이}),[:RELATED {type: 집행하고}],(:Node {name: 대규모 SOC 투자를})
(:Node {name: 국내}),[:RELATED {type: 예정되어}],(:Node {name: 대규모 주택 공급 정책이})
(:Node {name: 에폭시수지 원재료 가격}),[:RELATED {type: 이끌 수 있다}],(:Node {name: 추가 상승을})
(:Node {name: 원재료의 가격이}),[:RELATED {type: 상승함에도 불구하고}],(:Node {name: 에폭시수지의 가격 또한 따라})
(:Node {name: 에폭시수지의 가격}),[:RELATED {type: 상승}],(:Node {name: 큰 폭으로})
(:Node {name: 에폭시수지의 가격}),[:RELATED {type: 상승}],(:Node {name: 수요 증가에 따라})
(:Node {name: 에폭시 판매가격에서}),[:RELATED {type: 벌어져서}],(:Node {name: 원재료의 가격을 뺀 금액인 에폭시 스프레드도})
(:Node {name: 에폭시 스프레드도}),[:RELATED {type: 벌어져서}],(:Node {name: 크게})
(:Node {name: 2022년 3월 평균 스프레드 수준은}),[:RELATED {type: 확인된다}],"(:Node {name: 2,935.7 달러/톤으로})"
(:Node {name: 2022년 3월 평균 스프레드 수준은}),[:RELATED {type: 상승한}],"(:Node {name: 2020년 2,016.5 달러/톤과 비교해})"
(:Node {name: 글로벌 에폭시수지 시장의 점유율}),[:RELATED {type: 1위이다}],(:Node {name: 미국의 올린이 22%로})
(:Node {name: 국도화학이}),[:RELATED {type: 차지하고 있다}],(:Node {name: 2위로 20%})
(:Node {name: 미국의 헥시온}),[:RELATED {type: 기록하고 있다}],(:Node {name: 11%의 점유율을})
(:Node {name: 국내의 금호피앤비화학㈜}),[:RELATED {type: 기록하고 있다}],(:Node {name: 7%의 점유율을})
(:Node {name: 미국의 헥시온}),[:RELATED {type: 차지하고 있다}],(:Node {name: 3위를})
(:Node {name: 국내의 금호피앤비화학㈜}),[:RELATED {type: 차지하고 있다}],(:Node {name: 4위를})
(:Node {name: 국도화학 분기보고서에 따르면}),[:RELATED {type: 확인된다}],(:Node {name: 국내의 경우})
(:Node {name: 국도화학과 금호피앤비화학}),[:RELATED {type: 주도하고}],(:Node {name: 국내 시장점유율을})
(:Node {name: 국내 시장점유율}),[:RELATED {type: 주도하고 있는 것으로}],(:Node {name:  65%와 29%로})
(:Node {name: 국도화학}),[:RELATED {type: 개발하여 제공하고 있다}],(:Node {name: 최적화된 제품을 에폭시수지의 다양한 용도에 따라})
(:Node {name: 국도화학}),[:RELATED {type: 구축하고 있다}],(:Node {name: 기술력을})
(:Node {name: 국도화학}),[:RELATED {type: 구축하고 있다}],(:Node {name: 생산 인프라를})
(:Node {name: 국도화학}),[:RELATED {type: 최적화하고 있다}],"(:Node {name: 물성, 내열성 등을})"
(:Node {name: 국도화학}),[:RELATED {type: 제공할 수 있다}],(:Node {name: 자체 개발한 제품을})
(:Node {name: 국도화학의}),[:RELATED {type: 연간 에폭시 생산능력은}],(:Node {name: 총 82만톤이다 2021년 기준})
(:Node {name: 연간 에폭시 생산능력}),[:RELATED {type: 세계 1위 수준이다}],(:Node {name: 2021년 기준})
(:Node {name: 국도화학}),[:RELATED {type: 지속하고 있다}],(:Node {name: 연구개발활동을 신규 제품의 개발을 위한})
(:Node {name: 연구개발활동}),[:RELATED {type: 포함한다}],"(:Node {name: 고부가가치 제품, 고순도 제품, 친환경 제품군 등을})"
(:Node {name: 국도화학}),[:RELATED {type: 개발하고 있다}],"(:Node {name: 고부가가치 제품 및 고순도, 친환경 제품군을})"
(:Node {name: 에폭시수지는}),[:RELATED {type: 의미한다}],(:Node {name: 분자 내 2개 이상의 에폭시기를 갖는 열경화성 수지 화합물을})
(:Node {name: 에폭시수지는}),[:RELATED {type: 갖는다}],(:Node {name: 굽힘강도·굳기 등의 기계적인 성질})
(:Node {name: 에폭시수지는}),[:RELATED {type: 갖는다}],(:Node {name: 전기절연성이 우수한 성질})
(:Node {name: 에폭시수지는}),[:RELATED {type: 갖는다}],(:Node {name: 경화 시 접착성})
(:Node {name: 에폭시수지는}),[:RELATED {type: 사용될 수 있다}],(:Node {name: 토목·건축 분야에})
(:Node {name: 에폭시수지는}),[:RELATED {type: 사용될 수 있다}],(:Node {name: 선박용·공업용 분야에})
(:Node {name: 에폭시수지는}),[:RELATED {type: 사용될 수 있다}],(:Node {name: 자동차 전착 도료용 분야에})
(:Node {name: 에폭시수지는}),[:RELATED {type: 사용될 수 있다}],(:Node {name: 전기전자용 분야에})
(:Node {name: 에폭시수지는}),[:RELATED {type: 사용될 수 있다}],(:Node {name: 복합소재용 분야에})
(:Node {name: 에폭시수지는}),[:RELATED {type: 사용된다}],(:Node {name:  특히 수지의 성형 과정에서})
(:Node {name: 에폭시수지는}),[:RELATED {type: 포함된다}],"(:Node {name: 원재료인 비스페놀A, 에피클로로하드린, 촉매 및 경화제 등을})"
(:Node {name: 에폭시수지는}),[:RELATED {type: 조절할 수 있다}],"(:Node {name: 비스페놀A, 에피클로로하드린, 촉매 및 경화제 등의 비율을})"
(:Node {name: 에폭시수지는}),[:RELATED {type: 조정할 수 있다}],(:Node {name: 물성과 내열성 등의 성능을})
(:Node {name: 특성이 우수한 제품을}),[:RELATED {type: 개발할 수 있다}],(:Node {name: 용도에 맞게})
(:Node {name: 특성이 우수한 제품을}),[:RELATED {type: 기업의 경쟁력이 될 수 있다}],(:Node {name: 생산하여 공급하는 것이})
(:Node {name: 에폭시수지}),[:RELATED {type: 분류될 수 있다}],(:Node {name: 분자 구조에 따라서})
(:Node {name: 에폭시수지}),[:RELATED {type: 분류될 수 있다}],(:Node {name: 비스페놀-A형으로})
(:Node {name: 에폭시수지}),[:RELATED {type: 분류될 수 있다}],(:Node {name: 비스페놀-F형으로})
(:Node {name: 에폭시수지}),[:RELATED {type: 분류될 수 있다}],(:Node {name: 노볼락형으로})
(:Node {name: 비스페놀-A형}),[:RELATED {type: 갖는다}],(:Node {name: 특정 특징을})
(:Node {name: 비스페놀-F형}),[:RELATED {type: 갖는다}],(:Node {name: 특정 특징을})
(:Node {name: 노볼락형}),[:RELATED {type: 갖는다}],(:Node {name: 특정 특징을})
(:Node {name: 비스페놀A형}),[:RELATED {type: 사용된다}],(:Node {name: 가장 많이})
(:Node {name: 비스페놀A형은}),[:RELATED {type: 에폭시수지이다}],(:Node {name: 가장 많이 사용되는})
(:Node {name: 비스페놀A형은}),[:RELATED {type: 달라진다}],(:Node {name: 고분자의 반복단위수(n)에 따라})
(:Node {name: 고분자의 반복단위수(n)에 따라}),[:RELATED {type: 달라진다}],(:Node {name: 인성 및 내열성이})
(:Node {name: 비스페놀A형은}),[:RELATED {type: 될 수 있다}],(:Node {name:  액상})
(:Node {name: 비스페놀A형은}),[:RELATED {type: 될 수 있다}],(:Node {name: 고상})
(:Node {name: 국도화학의 비스페놀A형 수지}),[:RELATED {type: 적용되고 있다}],(:Node {name: 선박·중방식용 도료로})
(:Node {name: 국도화학의 비스페놀A형 수지}),[:RELATED {type: 적용되고 있다}],(:Node {name: 토목 건축용 도료로})
(:Node {name: 국도화학의 비스페놀A형 수지}),[:RELATED {type: 적용되고 있다}],(:Node {name: 접착제로})
(:Node {name: 국도화학의 비스페놀A형 수지}),[:RELATED {type: 사용된다}],(:Node {name: 선박·중방식용 도료로})
(:Node {name: 국도화학의 비스페놀A형 수지}),[:RELATED {type: 사용된다}],(:Node {name: 토목 건축용 도료로})
(:Node {name: 국도화학의 비스페놀A형 수지}),[:RELATED {type: 사용된다}],(:Node {name: 접착제로})
(:Node {name: 비스페놀F형}),[:RELATED {type: 비교된다}],(:Node {name: 비스페놀A형과})
(:Node {name: 비스페놀F형}),[:RELATED {type: 사용한다}],(:Node {name: 원료로 비스페놀F를})
(:Node {name: 비스페놀F형}),[:RELATED {type: 유사하다}],(:Node {name: 제조 공정이 비스페놀A형과})
(:Node {name: 비스페놀F형}),[:RELATED {type:  갖는다}],(:Node {name: 거의 동등한 경화물성을})
(:Node {name: 비스페놀F형}),[:RELATED {type: 다소 저하된다}],(:Node {name: 내열성이})
(:Node {name: 비스페놀F형}),[:RELATED {type: 우수하다}],(:Node {name: 내약품성이})
(:Node {name: 비스페놀F형 수지}),[:RELATED {type: 저점도이다}],(:Node {name: 비스페놀A형 수지에 비하여})
(:Node {name: 비스페놀F형 수지}),[:RELATED {type: 우수하다}],(:Node {name: 작업성이})
(:Node {name: 비스페놀F형 수지}),[:RELATED {type: 우수하다}],(:Node {name: 유동성이})
(:Node {name: 비스페놀F형 수지}),[:RELATED {type: 감소시킬 수 있다}],(:Node {name: 반응성 희석제의 첨가량을})
(:Node {name: 비스페놀F형 수지}),[:RELATED {type: 우수하다}],(:Node {name: 작업성이나 유동성이})
(:Node {name: 국도화학의 경우에도}),[:RELATED {type: 특징이다}],(:Node {name: 비스페놀F형 수지의 경우에도})
(:Node {name: 휘발성유기화합물(VOCs) 사용량을}),[:RELATED {type: 특징이다}],(:Node {name: 최소화})
(:Node {name: 비스페놀F형 수지}),[:RELATED {type: 갖는다}],(:Node {name: 에폭시기가 2개 이상})
(:Node {name: 비스페놀F형 수지}),[:RELATED {type: 높다}],(:Node {name: 가교 밀도가})
(:Node {name: n이 클수록}),[:RELATED {type: 변화한다}],(:Node {name: 액상에서 고상으로 상이})
(:Node {name: 비스페놀F형 수지}),[:RELATED {type: 변화한다}],(:Node {name: 액상에서 고상으로})
(:Node {name: 비스페놀F형 수지}),[:RELATED {type: 특징이 있다}],(:Node {name: n이 클수록 상이 변화하는})
(:Node {name: 노볼락형 에폭시수지}),[:RELATED {type: 내열성에는 큰 변화가 없고}],(:Node {name: 분자량이 달라도})
(:Node {name: 노볼락형 에폭시수지}),[:RELATED {type: 가져}],(:Node {name: 고경도 특성을})
(:Node {name: 노볼락형 에폭시수지}),[:RELATED {type: 가져}],(:Node {name: 내약품성 특성을})
(:Node {name: 노볼락형 에폭시수지}),[:RELATED {type: 가져}],(:Node {name: 고점도 특성을})
(:Node {name: 노볼락형 에폭시수지}),[:RELATED {type: 사용된다}],(:Node {name: PCB 봉지재에})
(:Node {name: 노볼락형 에폭시수지}),[:RELATED {type: 사용된다}],(:Node {name: IC 봉지재에})
(:Node {name: 노볼락형 에폭시수지}),[:RELATED {type: 사용된다}],(:Node {name: 반도체 봉지재에})
(:Node {name: 노볼락형 수지}),[:RELATED {type: 보호한다}],(:Node {name: 노출되는 환경으로부터})
(:Node {name: 노볼락형 수지}),[:RELATED {type: 보호한다}],"(:Node {name: 산, 염기, 유기용제 등의 유해한 화학 물질에})"
(:Node {name: 국도화학의 노볼락형 수지}),[:RELATED {type: 사용된다}],(:Node {name: 코팅 소재로})
(:Node {name: 코팅 소재}),[:RELATED {type: 보호한다}],(:Node {name: 유해한 화학 물질에 노출되는 환경으로부터})
(:Node {name: 코팅 소재}),[:RELATED {type: 사용된다}],(:Node {name: 소재를 보호하기 위해})
(:Node {name: 국도화학}),[:RELATED {type: 개발한다}],(:Node {name: 기존 제품의 단점을 개선한 제품을})
(:Node {name: 국도화학}),[:RELATED {type: 개발한다}],(:Node {name: 친환경 제품 수요에 대응하기 위한 제품을})
(:Node {name: 국도화학}),[:RELATED {type: 개발한다}],(:Node {name: 고부가가치 복합재료용 특수제품을})
(:Node {name: 국도화학}),[:RELATED {type: 최적화한다}],(:Node {name: 다양한 용도별로 에폭시수지 제품을})
(:Node {name: 국도화학}),[:RELATED {type: 공급한다}],(:Node {name: 최적화된 에폭시수지 제품을})
(:Node {name: 국도화학}),[:RELATED {type: 확보하고 있다}],(:Node {name: 기업경쟁력을})
(:Node {name: 국도화학}),[:RELATED {type: 개발하고 있다}],(:Node {name: 다양한 용도별로 최적화된 에폭시수지 제품을})
(:Node {name: 국도화학}),[:RELATED {type: 설립되었다}],(:Node {name: 1972년에})
(:Node {name: 국도화학}),[:RELATED {type: 집중하고 있다}],(:Node {name: 에폭시수지의 개발 및 생산에})
(:Node {name: 국도화학}),[:RELATED {type: 유지하고 있다}],(:Node {name: 반세기 가까이 흑자 기조를})
(:Node {name: 국도화학}),[:RELATED {type: 전문메이커이다}],(:Node {name: 에폭시수지의})
(:Node {name: 국도화학}),[:RELATED {type: 제품}],(:Node {name: 자체 기술력을 기반으로})
(:Node {name: 국도화학}),[:RELATED {type: 고부가가치 제품군을 개발하여}],(:Node {name: 자체 기술력을 기반으로})
(:Node {name: 국도화학}),[:RELATED {type: 고순도 제품군을 개발하여}],(:Node {name: 자체 기술력을 기반으로})
(:Node {name: 국도화학}),[:RELATED {type: 친환경 제품군을 개발하여}],(:Node {name: 자체 기술력을 기반으로})
(:Node {name: 국도화학}),[:RELATED {type: 제품화하고 있다}],(:Node {name: 제품군 등을 개발하여})
(:Node {name: 요구가 증가하면서}),[:RELATED {type: 요구된다}],(:Node {name: 고성능 전자기기에 대한})
(:Node {name: 유기 물질}),[:RELATED {type: 사용된다}],(:Node {name: 자동차 등의 전기 장치에})
(:Node {name: 유기 물질}),[:RELATED {type: 요구된다}],(:Node {name: 저유전 특성이})
(:Node {name: 유기 물질}),[:RELATED {type: 요구된다}],(:Node {name: 저탄성이})
(:Node {name: 유기 물질}),[:RELATED {type: 요구된다}],(:Node {name: 양호한 열팽창계수가})
(:Node {name: 유기 물질}),[:RELATED {type: 요구된다}],(:Node {name: 접착력이})
(:Node {name: 고성능 전자기기}),[:RELATED {type: 요구된다}],(:Node {name: 저유전 특성 및 저탄성})
(:Node {name: 고성능 전자기기}),[:RELATED {type: 요구된다}],(:Node {name: 양호한 열팽창계수 및 접착력})
(:Node {name: 국도화학}),[:RELATED {type: 개발하였다}],(:Node {name: 특정 반복단위를 포함하는 새로운 에폭시수지를})
(:Node {name: 국도화학}),[:RELATED {type: 개발하였다}],(:Node {name: 화학식1로 표시되는 연결기를 중심으로 하는 구조를 가지는 새로운 에폭시수지를})
(:Node {name: 국도화학이 개발한 에폭시수지}),[:RELATED {type: 가지다}],(:Node {name: 저탄성 특성을})
(:Node {name: 국도화학이 개발한 에폭시수지}),[:RELATED {type: 가지다}],(:Node {name: 저유전 특성을})
(:Node {name: 국도화학이 개발한 에폭시수지}),[:RELATED {type: 가지다}],(:Node {name: 양호한 열팽창계수를})
(:Node {name: 국도화학이 개발한 에폭시수지}),[:RELATED {type: 가지다}],(:Node {name: 접착력을})
(:Node {name: 국도화학이 개발한 에폭시수지}),[:RELATED {type: 적용할 수 있다}],(:Node {name: 고성능 전자기기에})
(:Node {name: 국도화학이 개발한 에폭시수지}),[:RELATED {type: 가지다}],(:Node {name: 고성능 전자기기에 적용할 수 있는 장점을})
(:Node {name: 국도화학}),[:RELATED {type: 혼성시키고}],(:Node {name: 에폭시수지를 무기원소와})
(:Node {name: 국도화학}),[:RELATED {type: 변성시켜}],(:Node {name: 산무수물을 글리콜로})
(:Node {name: 국도화학}),[:RELATED {type: 개발하였고}],(:Node {name: 열경화성 수지 조성물로 구현한 에폭시수지를})
(:Node {name: 국도화학의 에폭시수지는}),[:RELATED {type: 응용이 가능한}],(:Node {name: 전자기기의 투명기판으로})
(:Node {name: 국도화학의 에폭시수지는}),[:RELATED {type: 응용이 가능한}],(:Node {name: 외장재로})
(:Node {name: 국도화학의 에폭시수지는}),[:RELATED {type: 응용이 가능한}],(:Node {name: 보호재로})
(:Node {name: 국도화학}),[:RELATED {type: 기록했다}],(:Node {name: 에폭시 생산능력 세계 1위를})
(:Node {name: 에폭시 생산능력}),[:RELATED {type: 포함한다}],(:Node {name: 경화제를})
(:Node {name: 에폭시 생산능력}),[:RELATED {type: 75만톤이다}],(:Node {name: 2019년 10월 기준})
(:Node {name: 국도화학}),[:RELATED {type: 확인된다}],(:Node {name: 에폭시 생산능력 세계 1위로})
(:Node {name: 에폭시 생산능력}),[:RELATED {type: 75만톤이다}],(:Node {name: 국내뿐만 아니라 세계에서도})
(:Node {name: 국도화학}),[:RELATED {type: 갖춤}],(:Node {name: 익산공장을})
(:Node {name: 국도화학}),[:RELATED {type: 갖춤}],(:Node {name: 부산공장을})
(:Node {name: 국도화학}),[:RELATED {type: 갖춤}],(:Node {name: 자회사 국도정밀㈜의 시화공장을})
(:Node {name: 국도화학}),[:RELATED {type: 갖춤}],(:Node {name: 국도화공(쿤샨)유한공사의 생산설비를})
(:Node {name: 국도화학}),[:RELATED {type: 갖춤}],(:Node {name: Kukdo Chemical India Pvt.Ltd의 생산설비를})
(:Node {name: 국도화학}),[:RELATED {type: 갖춤}],(:Node {name: 2021년 기준 에폭시수지 사업부문 연간 총 82만톤의 생산능력을})
(:Node {name: 국도화학}),[:RELATED {type: 기록했다}],(:Node {name: 에폭시 생산능력 세계 1위를 2019년 10월 기준으로})
(:Node {name: 에폭시 생산능력}),[:RELATED {type: 포함한다}],(:Node {name: 경화제를})
(:Node {name: 에폭시 생산능력}),[:RELATED {type: 75만톤이다}],(:Node {name: 2019년 10월 기준})
(:Node {name: 국도화학}),[:RELATED {type: 확인된다}],(:Node {name: 에폭시 생산능력 세계 1위로})
(:Node {name: 국도화학}),[:RELATED {type: 충족하고 있다}],(:Node {name: 고객의 니즈를})
(:Node {name: 국도화학}),[:RELATED {type: 유지하고 있다}],(:Node {name: 국내 1위의 시장점유율을})
(:Node {name: 국도화학}),[:RELATED {type: 사용한다}],(:Node {name: 다품종 소량생산 방식을})
(:Node {name: 국도화학}),[:RELATED {type: 설립하였다}],"(:Node {name: 신규 법인을 인도, 중국, 유럽, 미국 등에})"
(:Node {name: 국도화학}),[:RELATED {type: 확보하고 있다}],(:Node {name: 에폭시수지의 글로벌 사업기반을})
(:Node {name: 국도화학}),[:RELATED {type: 흡수합병하였다}],(:Node {name: 국도정밀㈜을})
(:Node {name: 국도화학}),[:RELATED {type: 강화하였다}],(:Node {name: 주력사업 부문을})
(:Node {name: 국도화학이}),[:RELATED {type: 확보를 위하여}],(:Node {name: 신성장 동력을})
(:Node {name: 국도화학이}),[:RELATED {type: 개발하여 판매하고 있다}],(:Node {name: 풍력 발전기 블레이드용 고부가가치 제품을})
(:Node {name: 국도화학이}),[:RELATED {type: 개발하여 판매하고 있다}],(:Node {name: 전기자동차 부품용 고부가가치 제품을})
(:Node {name: 국도화학이}),[:RELATED {type: 개발하여 판매하고 있다}],(:Node {name: 수소 탱크용 고부가가치 제품을})
(:Node {name: 국도화학}),[:RELATED {type: 설립하였다}],(:Node {name: 생산법인(Kukdo Chemical India Pvt.Ltd)을 2017년 5월 인도에})
(:Node {name: 국도화학}),[:RELATED {type: 운영하고 있다}],(:Node {name: 4만 톤 규모의 생산능력을 갖춘 에폭시 공장을})
(:Node {name: 인도는}),[:RELATED {type: 많다}],(:Node {name: 에폭시의 소비가 세계에서 3번째로})
(:Node {name: 국도화학}),[:RELATED {type: 설립하였다}],(:Node {name: 종합기술연구소를 중국에})
(:Node {name: 국도화학}),[:RELATED {type: 설립하였다}],(:Node {name: 생산법인 국도화공(쿤샨)유한공사를 중국에})
(:Node {name: 국도화학}),[:RELATED {type: 설립하였다}],(:Node {name: 생산법인 국도화공(닝보)유한공사를 중국에})
(:Node {name: 국도화학}),[:RELATED {type: 개발하고 있다}],(:Node {name: 중국 현지에 부합하는 제품을})
(:Node {name: 국도화학}),[:RELATED {type: 수행하고 있다}],(:Node {name: 기술지원 활동을 통해})
(:Node {name: 국도화학}),[:RELATED {type: 영위하고 있다}],(:Node {name: 사업을 중국 현지에 부합하는 제품 개발 및 기술지원 활동을 통해})
(:Node {name: 중국}),[:RELATED {type: 수요가 가장 크다}],(:Node {name: 세계 에폭시 및 폴리우레탄 시장 중})
(:Node {name: 국도화학}),[:RELATED {type: 설립하였다}],(:Node {name: 신규 법인(Kukdo Europe GmbH)을 독일에 2021년 4월})
(:Node {name: 국도화학}),[:RELATED {type: 설립하였다}],(:Node {name: 판매법인(Kukdo Chemical America Inc.)을 미국에 2022년 1월})
(:Node {name: 국도화학}),[:RELATED {type: 확대하고 있다}],(:Node {name: 글로벌 사업기반을})
(:Node {name: 국도화학}),[:RELATED {type: 확보하기 위하여}],(:Node {name: 주도적 사업자 지위를 미국에서})
(:Node {name: 국도화학}),[:RELATED {type: 주력으로 하고 있다}],(:Node {name: 에폭시수지 판매활동을 미국에서})
(:Node {name: 국도화학}),[:RELATED {type: 흡수합병하였다}],(:Node {name: 종속회사인 국도정밀㈜을 2022년 7월})
(:Node {name: 국도화학}),[:RELATED {type: 확보하고 있다}],(:Node {name: 규모의 경쟁력을})
(:Node {name: 국도화학}),[:RELATED {type: 제고하고 있다}],(:Node {name: 운영효율성을})
(:Node {name: 국도화학}),[:RELATED {type: 강화하고 있다}],(:Node {name: 수익성을})
(:Node {name: 국도정밀㈜은}),[:RELATED {type: 영위하고 있다}],(:Node {name: 에폭시수지의 제조 및 임가공을 주요 사업으로})
(:Node {name: 국도화학}),[:RELATED {type: 도모하고 있다}],(:Node {name: 에폭시 사업부문의 양적 성장을})
(:Node {name: 국도화학}),[:RELATED {type: 목적으로 하고 있다}],(:Node {name: 수익성 강화를})
(:Node {name: 국도화학}),[:RELATED {type: 도모하고 있다}],(:Node {name: 주력 사업의 양적 성장을})
(:Node {name: 2022.07}),[:RELATED {type: 흡수합병}],(:Node {name: 국도정밀㈜})
(:Node {name: 2022.01}),[:RELATED {type: 설립}],"(:Node {name: (2022.01, 설립, 미국 판매법인(Kukdo chemical America Inc.))})"
(:Node {name: 2021.04}),[:RELATED {type: 설립}],"(:Node {name: (2021.04, 설립, 유럽 판매법인(Kukdo Europe GmbH, 독일))})"
(:Node {name: 2018.01~2018.11}),[:RELATED {type: 준공}],"(:Node {name: (2018.01~2018.11, 준공, 국내 익산공장 (EPOXY RESIN(NTS-P)))})"
(:Node {name: 2018.01~2018.11}),[:RELATED {type: 증설}],"(:Node {name: (2018.01~2018.11, 증설, 국내 익산공장 (SPECIAL RESIN(PF-P), EPOXY RESIN(PA-P)))})"
(:Node {name: 2018.06}),[:RELATED {type: 설립}],"(:Node {name: (2018.06, 설립, 중국 생산법인(국도화공(닝보)유한공사))})"
(:Node {name: 각 국가에서}),[:RELATED {type: 추진되고 있다}],(:Node {name: 기후변화에 대응하기 위한 글로벌 그린 뉴딜 정책이})
(:Node {name: 바이든 대통령의}),[:RELATED {type: 정책은}],(:Node {name: 친환경})
(:Node {name: 바이든 대통령은}),[:RELATED {type: 당선되었더}],(:Node {name: 2021년 1월})
(:Node {name: 세계 각 국가에서}),[:RELATED {type: 추진되고 있다}],(:Node {name: 화석 연료 중심의 사회에서 친환경 에너지 중심 사회로의 변화 정책이})
(:Node {name: 변화 정책이}),[:RELATED {type: 추진되고 있다}],(:Node {name: 세계 각 국가에서})
(:Node {name: 국도화학}),[:RELATED {type: 사용되는}],(:Node {name: 풍력 발전기 블레이드에})
(:Node {name: 블레이드에}),[:RELATED {type: 사용되는}],(:Node {name: 에폭시수지를})
(:Node {name: 에폭시수지를}),[:RELATED {type: 공급하고}],(:Node {name: 덴마크의 베스타스에})
(:Node {name: 에폭시수지를}),[:RELATED {type: 공급하고}],(:Node {name: 독일의 지멘스에})
(:Node {name: 에폭시수지를}),[:RELATED {type: 공급하고}],(:Node {name: 미국의 헥셀에})
(:Node {name: 국도화학}),[:RELATED {type: 공급하고}],(:Node {name:  에폭시수지를})
(:Node {name: 에폭시수지를}),[:RELATED {type: 공급하고}],(:Node {name: 글로벌 업체들에게})
(:Node {name: 풍력 발전기 블레이드는}),[:RELATED {type: 의해}],(:Node {name: 바람에 손상되지 않으면서 구동할 수 있도록})
(:Node {name: 블레이드는}),[:RELATED {type: 구동할 수 있도록}],(:Node {name: 가볍고 길고 구부러진 형태로 만들기 위해})
(:Node {name: 블레이드를 만들기 위해}),[:RELATED {type: 가진}],(:Node {name: 높은 강도와 접착성을 가진 에폭시수지를})
(:Node {name: 풍력 발전소}),[:RELATED {type: 구성된다}],(:Node {name: 블레이드의 약 25%가})
(:Node {name: 블레이드의 약 25%가}),[:RELATED {type: 구성된다}],(:Node {name: 에폭시수지로})
(:Node {name: 국도화학의 풍력 발전기 블레이드용 에폭시수지}),[:RELATED {type: 획득하였다}],(:Node {name: 제품인증을 2009년 5월})
(:Node {name: 국도화학의 풍력 발전기 블레이드용 에폭시수지}),[:RELATED {type: 증가하고 있다}],(:Node {name: 매출이 점진적으로})
(:Node {name: 매출이}),[:RELATED {type: 증가하고 있다}],(:Node {name: 점진적으로})
(:Node {name: 제품인증을}),[:RELATED {type: 획득하였다}],(:Node {name: 2009년 5월})
(:Node {name: 국도화학}),[:RELATED {type: 확보}],(:Node {name: 향후 신성장 동력을})
(:Node {name: 국도화학}),[:RELATED {type: 바탕으로}],(:Node {name: 자체 R&D 역량을})
(:Node {name: 국도화학}),[:RELATED {type: 바탕으로}],(:Node {name: 고부가가치 에폭시 수지의 개발을 위한 투자를 확대하는})
(:Node {name: 국도화학}),[:RELATED {type: 확대하는}],(:Node {name: 고부가가치 에폭시 수지의 개발을 위한 투자를})
(:Node {name: 국도화학}),[:RELATED {type: 지속하고}],(:Node {name: 활동을})
(:Node {name: 정보통신기술의 발달과 친환경 정책 등의 영향으로}),[:RELATED {type: 인해}],(:Node {name: 에폭시수지의 사용 용도 및 수요가 다양화되고})
(:Node {name: 에폭시수지의 사용 용도 및 수요가}),[:RELATED {type: 다양화되고}],"(:Node {name: 전기자동차 용도 및 수소탱크 용, 우주항공분야 등으로})"
(:Node {name: 에폭시수지의 사용 용도 및 수요가}),[:RELATED {type: 다양화되고}],(:Node {name: 꾸준히})
"(:Node {name: 국도화학의 주요 전방산업인 건설,  인프라, 자동차, 풍력})",[:RELATED {type: 예상}],(:Node {name: 2021년 대비 개선될 것으로})
"(:Node {name: 건설, 인프라, 자동차, 풍력})",[:RELATED {type: 개선될}],(:Node {name: 2021년 대비})
(:Node {name: 전방산업의 수요 증가에}),[:RELATED {type: 따라}],(:Node {name: 국도화학의 에폭시수지 수요도 증가할})
(:Node {name: 국도화학}),[:RELATED {type: 증가}],(:Node {name: 에폭시수지 수요})
(:Node {name: 국도화학}),[:RELATED {type: 기록하였다}],(:Node {name: 코로나19의 여파에도 불구하고})
(:Node {name: 국도화학}),[:RELATED {type: 기록하였다}],(:Node {name: LNG선 발주 등 조선업의 호황에 힘입어})
(:Node {name: 국도화학}),[:RELATED {type: 기록하였다}],"(:Node {name: 2021년 매출액 1조 5,771억 원})"
(:Node {name: 국도화학}),[:RELATED {type: 기록하였다}],(:Node {name: 39.20% YoY})
(:Node {name: 국도화학}),[:RELATED {type: 유지되었다}],(:Node {name: 이러한 기조가 2022년 상반기에도})
(:Node {name: 국도화학}),[:RELATED {type: 나타내었다}],"(:Node {name: 8,581억 원의 양호한 실적을})"
(:Node {name: 실적이}),[:RELATED {type: 증가하였다}],(:Node {name: 전년 동기 대비 14.1%})
(:Node {name: 중국 쿤샨시의 정책으로}),[:RELATED {type: 제한되었다}],(:Node {name: 일부 원료의 사용이 2019년 3월 말에})
(:Node {name: 중국 쿤샨 폴리올 공장}),[:RELATED {type: 재가동되었다}],(:Node {name: 일부만})
(:Node {name: 국내 시장에 공급하는}),[:RELATED {type: 위축되었다}],(:Node {name: Base 폴리올사업이})
(:Node {name: 중국 닝보에}),[:RELATED {type: 완공되었다}],(:Node {name: 12만톤 규모의 Base 폴리올 생산 공장이})
(:Node {name: 폴리올 생산 공장이}),[:RELATED {type: 가동}],(:Node {name: 2022년에})
(:Node {name: 폴리올시장}),[:RELATED {type: 전망}],(:Node {name: 회복})
(:Node {name: 국도화학의 에폭시수지 및 폴리올수지 사업부문의 시장현황 등}),[:RELATED {type: 고려}],(:Node {name: 2022년 하반기 매출액은})
(:Node {name: 2022년 하반기 매출액}),[:RELATED {type: 감소}],(:Node {name: 전년 동기보다 12%})
(:Node {name: 2022년 하반기 매출액}),[:RELATED {type: 전망}],"(:Node {name: 7,250억 원})"
(:Node {name: 국도화학의 2022년 매출액}),[:RELATED {type: 전망한다}],(:Node {name: 전년보다 조금 높은 1조 5.832억 원})
(:Node {name: 1조 5.832억 원}),[:RELATED {type: 전망한다}],(:Node {name: YoY 0.40%})
(:Node {name: 국도화학}),[:RELATED {type: 전망되며}],(:Node {name: 에폭시수지의 주요 원재료 가격에 직접적인 영향을 주는})
(:Node {name: 원유 가격이}),[:RELATED {type: 상승함에 따라}],(:Node {name: 원재료 가격에 직접적인 영향을 주는})
(:Node {name: 원유 가격이}),[:RELATED {type: 상승함에 따라}],(:Node {name: 영업이익률 역시 감소할 것으로})
(:Node {name: 영업이익률}),[:RELATED {type: 전망되며}],(:Node {name: 감소할 것으로})
(:Node {name: 국도화학의 영업이익률은}),[:RELATED {type: 기록할}],(:Node {name: 2022년})
(:Node {name: 국도화학의 영업이익률은}),[:RELATED {type: 기록할}],(:Node {name: 전년 대비 4.0%p 감소한 9.0%를})
(:Node {name: 국도화학의 영업이익률은}),[:RELATED {type: 전망한다}],(:Node {name: 기록할 것으로})
