subject,predicate,object,
국도화학,화학소재기업,에폭시수지 기반의,
매출의 97.9%,발생,에폭시수지를 통해서,
국도화학의 매출의 97.9%,확인,2021년,
국도화학,차지하는,수출이 비중이,
수출이 비중이,나타난다,46.8% (2019년 수준),
국도화학,확대되고,수출 매출이,
수출 매출이,확대되고,76.1% (2021년 수준),
국도화학,갖춤,세계 1위 수준의 에폭시수지 생산능력,
국도화학,갖춤,2021년 82만톤의 에폭시수지 생산능력,
국도화학,설립하였다,2021년 4월과 2022년 1월에 독일과 미국에 신규법인을,
국도화학,확대하였다,글로벌 사업기반을,
국도화학,강화하고 있다,에폭시수지 사업부문,
국도화학,흡수합병하였다,국내의 에폭시수지 제조기업 국도정밀,
에폭시수지,사용되는 소재이다,선박과 건축용 도료,
에폭시수지,사용되는 소재이다,접착제 및 전기 전자용,
에폭시수지,사용되는 소재이다,자동차 복합소재 등의 산업분야,
에폭시수지,특징이 있다,경기변동에 비교적 안정적인 수요,
전방산업의 수요가,회복되면서,"자동차, 조선, 건설 등의 수요",
수요도,증가하고 있다,글로벌 에폭시수지에 대한 수요,
생산이,전망되고 있다,확대될 것으로,
국도화학,지속하고 있다,신성장동력을 확보하기 위한 개발,
국도화학,지속하고 있다,고부가가치 제품의 개발 및 생산,
국도화학,지속하고 있다,연구개발활동,
국도화학,공급하고 있다,덴마크의 베스타스에게 풍력 설비용 에폭시수지,
국도화학,공급하고 있다,독일의 지멘스에게 풍력 설비용 에폭시수지,
국도화학,공급하고 있다,미국의 헥셀에게 풍력 설비용 에폭시수지,
국도화학,다양화하고 있다,전기자동차 부품용 제품,
국도화학,다양화하고 있다,수소탱크용 제품,
국도화학,다양화하고 있다,우주항공분야 제품,
국도화학,집중하여 유지하고 있다,에폭시수지 개발 및 생산,
국도화학,유지하고 있다,흑자 기조,
국도화학,생산능력이 있다,2021년 기준 연간 82만톤,
국도화학,세계 1위이다,에폭시수지 생산능력 수준,
국도화학,흡수합병을 통해 강화하였다,2022년 7월 국도정밀의 에폭시 사업부문,
국도화학,고부가가치 제품 개발을 통해,판매 확대,
국도화학,개발 및 판매 확대를 통해,신성장동력 확보,
국도화학,블레이드용 에폭시수지 매출 확대가 있음,글로벌 그린 뉴딜의 영향으로,
국도화학,블레이드용 에폭시수지 매출 확대가 있음,친환경 정책 추진의 영향으로,
국도화학,개발하고 있다,전기자동차용 에폭시수지,
국도화학,개발하고 있다,수소탱크용 에폭시수지,
국도화학,개발하고 있다,우주항공분야용 에폭시수지,
국도화학의 에폭시수지 사업부문,차지,2021년 기준 전체 매출의 97.9%,
국도화학,개발,친환경 제품,
국도화학,친환경 제품 개발,환경 관련 법규의 강화에 따라,
국도화학,친환경 제품 개발,고객의 증가하는 수요에 따라,
국도화학,시작,물 기반 폴리우레탄 사업 (2018년부터),
폴리우레탄 제품,구현,유기용제를 사용하지 않는 친환경 접착제 등,
친환경 폴리우레탄 시장,증가,매년,
국도화학,구비,"헬스기구, 탁구장 등 운동시설",
국도화학,운영,휴게실 및 샤워시설,
국도화학,제공,동호회 운영비,
국도화학,제공,"자녀 학자금, 휴가비",
국도화학,제공,장기근속자 포상,
국도화학,개발,에폭시수지 및 폴리올수지,
국도화학,제조,에폭시수지 및 폴리올수지,
국도화학,판매,에폭시수지 및 폴리올수지,
국도화학,차지하고,에폭시수지 사업부문,
에폭시수지 사업부문,차지하고,매출의 전체,
매출의 전체,차지하고,97.90%,
수출 통한 매출,발생,76.10%,
국도화학,설립되다,1972년 2월,
중견기업,상장되다,1989년 8월 유가증권시장에,
국도화학,영위하다,사업,
국도화학,제조 및 판매하다,에폭시수지,
국도화학,제조 및 판매하다,경화제,
국도화학,가지다,연결대상 종속회사 8개,
국도정밀㈜,흡수합병되다,국도화학,
국도정밀㈜,제조하다,에폭시수지 및 임가공 업체,
국도 코퍼레이션,보유하다,국도화학의 23.71% 지분,
이시창,보유하다,국도화학의 75.88% 지분,
국도 코퍼레이션,이다,국도화학의 최대주주,
이시창,이다,국도화학의 대표이사,
이시창 회장,관리하고 있다,경영전반,
이시창 회장,이다,국도화학의 대표이사,
허연진 사장,이다,국도화학의 대표이사,
이시창 회장,역임했다,국도화학의 경영기획실장,
허연진 사장,역임했다,GLOBAL사업부본부장,
허연진 사장,취임했다,대표이사로,
허연진 사장,총괄하고 있다,사업전반,
국도화학의 사업부문,구성되어있다,제품의 특성에 따라,
국도화학의 사업부문,구성되어 있다,에폭시수지 및 폴리올수지,
국도화학의 사업부문,포함하고 있다,에폭시수지,
국도화학의 사업부문,포함하고 있다,경화제,
국호화학의 사업부문,포함하고 있다,에폭시수지의 반응성 희석제,
국도화학의 사업부문,포함하고 있다, 폴리올수지,
폴리올수지,원료이다,폴리우레탄,
국도화학,판매되고 있다,일부 기본수지류,
일부 기본수지류,확보해두고 판매되고 있다,일정 재고,
국도화학 제품,판매되고 있다,사전주문에 의해,
국도화학의 에폭시사업부,확보하여 판매되고 있다, ㈜케이씨씨,
국도화학의 에폭시사업부,확보하여 판매되고 있다,조광요턴,
국도화학의 에폭시사업부,확보하여 판매되고 있다,츄고쿠삼화페인트,
국도화학의 GLOBAL사업부,하고 있다,해외 에이전트를 상대로 영업 활동을,
국도화학의 GLOBAL사업부,하고 있다,실거래처를 상대로 영업 활동을,
국도화학의 매출액,증가하고 있다,매년,
국도화학의 매출액,확인된다,2019년 1조 215억 원,
국도화학의 매출액,확인된다,2020년 1조 327억 원,
국도화학의 매출액,확인된다,2021년 1조 771억 원,
에폭시수지 사업부문,확인된다,매년 증가,
에폭시수지 사업부문의 비중,차지하고 있다,2019년 93.4%,
에폭시수지 사업부문의 비중,차지하고 있다,2020년 96.2%,
에폭시수지 사업부문의 비중,차지하고 있다,2021년 97.9%,
국도화학 2019년의 수출 비중,나타난다,46.80%,
국도화학 2020년의 수출 비중,나타난다,50.90%,
국도화학 2021년의 수출 비중,나타난다,76.10%,
국도화학 2022년 상반기의 수출 비중,나타난다,76.30%,
국도화학의 환경 부문,개발하고 있다,친환경 제품을,
국도화학,개발하고 있다,법규 강화 등으로 인한 친환경 제품 수요 증가에 따라,
국도화학,시작했다,2018년 중반부터 수분산형 폴리우레탄 사업을,
수분산형 폴리우레탄,사용하지 않고,유기용제를,
수분산형 폴리우레탄,사용하고,물을,
수분산형 폴리우레탄,구현한,"친환경 제품으로 코팅, 접착제 등을",
관련 시장,증가하고 있다,매년,
국도화학,구체화시키고 있다,고객의 수요를 신제품 개발로,
국도화학,제공하고 있다,임직원들에게 다양한 복지제도를,
국도화학,운영하고 있다,쾌적한 업무환경 조성을 위해,
국도화학,운영하고 있다,헬스기구 등의 운동시설을,
국도화학,운영하고 있다,탁구장을,
국도화학,운영하고 있다,휴게실을,
국도화학,운영하고 있다,샤워시설을,
국도화학,지원하고 있다,운영비,
국도화학,지원하고 있다,자녀 학자금,
국도화학,지원하고 있다,휴가비,
국도화학,지원하고 있다,장기근속자 포상,
국도화학,지원하고 있다,임직원들의 행복한 삶,
국도화학,기부하는,지자체에,
국도화학,기부하는,마스크를,
국도화학,지속,사회 환원 활동,
국도화학,하회한다,여성 근로자 비율,
여성 근로자 비율,하회한다,11.3%로,
국도화학,속한,화학제품,
화학제품 물질,여성고용비율,"화학제품, 여성고용비율, 제조업",
여성고용비율,하회한다,78.50%,
국도화학의 수준은,상회,57.4%를,
남성 대비,상회,여성 근로자의 수준은,
여성 근로자의 임금 수준은,상회,75.7%로,
동산업 평균인,상회,57.40%,
국도화학의 이사회는,총 11명 구성되어,"8명 사내이사, 3명 사외이사",
11명,구성되어,상근감사,
상근감사,수행하고,1명이,
상근감사,수행하고 있다,업무,
국도화학의 현금배당수익률은,확인된다,3.82%로,
국도화학의 현금배당수익률은,2.21%,제49기,
국도화학의 현금배당수익률은,3.82%,제50기,
제49기,2.21%,2020년,
제50기,3.82%,2021년,
에폭시수지,사용되는,고기능성 소재로,
산업분야에서,사용되는,고기능성 소재로,
에폭시수지는,침체 했다,자동차 산업의 수요가,
에폭시수지는,침체 했다,조선 산업의 수요가,
에폭시수지는,침체 했다,건설 산업의 수요가,
에폭시수지,침체 했다,전방산업,
자동차 산업의 수요가,회복,에폭시수지의 수요도 증가,
조선 산업의 수요가,회복,에폭시수지의 수요도 증가,
건설 산업의 수요가,회복,에폭시수지의 수요도 증가,
경기 재개에 대한 기대감 등,회복,에폭시수지의 수요도 증가,
에폭시수지의 수요,전망,생산 확대,
에폭시수지,사용되며,주로 코팅재 방수재의 용도로,
에폭시수지,사용되는,도료,
에폭시수지,사용되는,접착제,
에폭시수지,사용되는,자동차 복합소재,
에폭시수지,사용되는,다양한 산업분야,
에폭시 수출단가는,머물러왔으나,2015년부터 2020년까지,
에폭시 수출단가는,머물러왔으나,"2,000달러 선에",
수출단가는,확인된다,2021년 11월 이후 189달러로,
기록을,세운,1990년 이후 최고치,
자동차 산업,침체했던,COVID19 팬데믹으로,
조선 산업,침체했던,COVID19 팬데믹으로,
건설 산업,침체했던,COVID19 팬데믹으로,
자동차 산업,되살아나고,2020년,
조선 산업,되살아나고,2020년,
건설 산업,되살아나고,2020년,
수요가,되살아나고,억눌려있던 세계의 수요의 회복에,
에폭시 수출단가가,떨어졌지만,2022년에는,
에폭시 수출단가,떨어졌지만,"다시 4,000달러대로",
에폭시 수출단가가,유지하고,여전히 높은 수준을,
미국·유럽·중국 등 국가의 인프라 투자 확대,힘입어,글로벌 수요 회복에,
에폭시수지,유지될,가격 강세,
에폭시수지,전망,가격 강세,
세계 에폭시수지 시장은,2022년 규모에서, 66.4억 달러,
세계 에폭시수지 시장은,성장,연평균 4.9%로,
세계 에폭시수지 시장이,성장할,028년에는 88.4억 달러 규모로,
세계 에폭시수지 시장이,전망,성장할 것으로,
통계청에 따르면,규모이다,"국내 시장은 2019년 1조 5,807억 원",
국내 시장은,성장하고 있다,연평균성장률 12.39%로,
국내 시장은,형성할 것으로 예상되고 있다,"2조 8,350억 원 규모의 시장을 2024년에",
국내 시장은,예상되고 있다,"2024년에 2조 8,350억 원 규모의 시장을 형성할 것으로",
에폭시수지 산업은,합성되는,비스페놀A 및 에피클로로하드린 등의 석유화학화합물로부터,
에폭시수지의 원료인 비스페놀A,합성되는,석유화학화합물로부터,
비스페놀A 및 에피클로로하드린은,합성되는,아세톤 등의 석유화학화합물로부터,
에폭시수지 산업은,높고,원료의 해외의존도가,
에폭시수지 산업은,민감,환율 및 유가에는,
에폭시수지 산업은,쉽지 않다,공급량의 수요에 따른 조절이,
에폭시수지 산업,특징이 있다,높고 해외의존도가 다소 민감,
국제유가와 원자재 가격이,급등하여,최근 러시아와 우크라이나 간의 전쟁으로 인해,
스태그플레이션의 우려 등의 요인이,미칠,에폭시수지 산업에도,
국제유가와 원자재 가격이,급등하여,스태그플레이션의 우려,
부정적인 영향,미칠,에폭시수지 산업에,
미국과 중국이,집행하고,대규모 SOC 투자를,
국내,예정되어,대규모 주택 공급 정책이,
에폭시수지 원재료 가격,이끌 수 있다,추가 상승을,
원재료의 가격이,상승함에도 불구하고,에폭시수지의 가격 또한 따라,
에폭시수지의 가격,상승,큰 폭으로,
에폭시수지의 가격,상승,수요 증가에 따라,
에폭시 판매가격에서,벌어져서,원재료의 가격을 뺀 금액인 에폭시 스프레드도,
에폭시 스프레드도,벌어져서,크게,
2022년 3월 평균 스프레드 수준은,확인된다,"2,935.7 달러/톤으로",
2022년 3월 평균 스프레드 수준은,상승한,"2020년 2,016.5 달러/톤과 비교해",
2021년 글로벌 에폭시수지 시장의 점유율,1위이다,미국의 올린이 22%로,
올린,2021년 기준,1위,
국도화학,차지하고 있다,2021년 2위로 20%,
미국의 헥시온,기록하고 있다,2021년 11%의 점유율을,
국내의 금호피앤비화학㈜,기록하고 있다,2021년 7%의 점유율을,
미국의 헥시온,차지하고 있다,2021년 3위를,
국내의 금호피앤비화학㈜,차지하고 있다,2021년 4위를,
2023년 글로벌 에폭시,차지,국도화학 ,
2023년 글로벌 에폭시,1위,국도화학,
국도화학,18%,2023년 글로벌 에폭시,
2023년 글로벌 에폭시,12%,올린,
2023년 글로벌 에폭시,2위,올린,
2023년 글로벌 에폭시,5%,금호P&B,
국도화학 분기보고서에 따르면,확인된다,국내의 경우,
국도화학과 금호피앤비화학,주도하고,국내 시장점유율을,
국내 시장점유율,주도하고 있는 것으로, 65%와 29%로,
국도화학,개발하여 제공하고 있다,최적화된 제품을 에폭시수지의 다양한 용도에 따라,
국도화학,구축하고 있다,기술력을,
국도화학,구축하고 있다,생산 인프라를,
국도화학,최적화하고 있다,"물성, 내열성 등을",
국도화학,제공할 수 있다,자체 개발한 제품을,
국도화학,연간 에폭시 생산능력은,총 82만톤이다 2021년 기준,
연간 에폭시 생산능력,세계 1위 수준이다,2021년 기준,
국도화학,지속하고 있다,연구개발활동을 신규 제품의 개발을 위한,
연구개발활동,포함한다,"고부가가치 제품, 고순도 제품, 친환경 제품군 등을",
국도화학,개발하고 있다,"고부가가치 제품 및 고순도, 친환경 제품군을",
에폭시수지는,의미한다,분자 내 2개 이상의 에폭시기를 갖는 열경화성 수지 화합물을,
에폭시수지는,갖는다,굽힘강도·굳기 등의 기계적인 성질,
에폭시수지는,갖는다,전기절연성이 우수한 성질,
에폭시수지는,갖는다,경화 시 접착성,
에폭시수지는,사용될 수 있다,토목·건축 분야에,
에폭시수지는,사용될 수 있다,선박용·공업용 분야에,
에폭시수지는,사용될 수 있다,자동차 전착 도료용 분야에,
에폭시수지는,사용될 수 있다,전기전자용 분야에,
에폭시수지는,사용될 수 있다,복합소재용 분야에,
에폭시수지는,사용된다, 특히 수지의 성형 과정에서,
에폭시수지는,포함된다,"원재료인 비스페놀A, 에피클로로하드린, 촉매 및 경화제 등을",
에폭시수지는,조절할 수 있다,"비스페놀A, 에피클로로하드린, 촉매 및 경화제 등의 비율을",
에폭시수지는,조정할 수 있다,물성과 내열성 등의 성능을,
특성이 우수한 제품을,개발할 수 있다,용도에 맞게,
특성이 우수한 제품을,기업의 경쟁력이 될 수 있다,생산하여 공급하는 것이,
에폭시수지,분류될 수 있다,분자 구조에 따라서,
에폭시수지,분류될 수 있다,비스페놀-A형으로,
에폭시수지,분류될 수 있다,비스페놀-F형으로,
에폭시수지,분류될 수 있다,노볼락형으로,
비스페놀-A형,갖는다,특정 특징을,
비스페놀-F형,갖는다,특정 특징을,
노볼락형,갖는다,특정 특징을,
비스페놀A형,사용된다,가장 많이,
비스페놀A형은,에폭시수지이다,가장 많이 사용되는,
비스페놀A형은,달라진다,고분자의 반복단위수(n)에 따라,
고분자의 반복단위수(n)에 따라,달라진다,인성 및 내열성이,
비스페놀A형은,될 수 있다, 액상,
비스페놀A형은,될 수 있다,고상,
국도화학의 비스페놀A형 수지,적용되고 있다,선박·중방식용 도료로,
국도화학의 비스페놀A형 수지,적용되고 있다,토목 건축용 도료로,
국도화학의 비스페놀A형 수지,적용되고 있다,접착제로,
국도화학의 비스페놀A형 수지,사용된다,선박·중방식용 도료로,
국도화학의 비스페놀A형 수지,사용된다,토목 건축용 도료로,
국도화학의 비스페놀A형 수지,사용된다,접착제로,
비스페놀F형,비교된다,비스페놀A형과,
비스페놀F형,사용한다,원료로 비스페놀F를,
비스페놀F형,유사하다,제조 공정이 비스페놀A형과,
비스페놀F형, 갖는다,거의 동등한 경화물성을,
비스페놀F형,다소 저하된다,내열성이,
비스페놀F형,우수하다,내약품성이,
비스페놀F형 수지,저점도이다,비스페놀A형 수지에 비하여,
비스페놀F형 수지,우수하다,작업성이,
비스페놀F형 수지,우수하다,유동성이,
비스페놀F형 수지,감소시킬 수 있다,반응성 희석제의 첨가량을,
비스페놀F형 수지,우수하다,작업성이나 유동성이,
국도화학의 경우에도,특징이다,비스페놀F형 수지의 경우에도,
휘발성유기화합물(VOCs) 사용량을,특징이다,최소화,
비스페놀F형 수지,갖는다,에폭시기가 2개 이상,
비스페놀F형 수지,높다,가교 밀도가,
n이 클수록,변화한다,액상에서 고상으로 상이,
비스페놀F형 수지,변화한다,액상에서 고상으로,
비스페놀F형 수지,특징이 있다,n이 클수록 상이 변화하는,
노볼락형 에폭시수지,내열성에는 큰 변화가 없고,분자량이 달라도,
노볼락형 에폭시수지,가져,고경도 특성을,
노볼락형 에폭시수지,가져,내약품성 특성을,
노볼락형 에폭시수지,가져,고점도 특성을,
노볼락형 에폭시수지,사용된다,PCB 봉지재에,
노볼락형 에폭시수지,사용된다,IC 봉지재에,
노볼락형 에폭시수지,사용된다,반도체 봉지재에,
노볼락형 수지,보호한다,노출되는 환경으로부터,
노볼락형 수지,보호한다,"산, 염기, 유기용제 등의 유해한 화학 물질에",
국도화학의 노볼락형 수지,사용된다,코팅 소재로,
코팅 소재,보호한다,유해한 화학 물질에 노출되는 환경으로부터,
코팅 소재,사용된다,소재를 보호하기 위해,
국도화학,개발한다,기존 제품의 단점을 개선한 제품을,
국도화학,개발한다,친환경 제품 수요에 대응하기 위한 제품을,
국도화학,개발한다,고부가가치 복합재료용 특수제품을,
국도화학,최적화한다,다양한 용도별로 에폭시수지 제품을,
국도화학,공급한다,최적화된 에폭시수지 제품을,
국도화학,확보하고 있다,기업경쟁력을,
국도화학,개발하고 있다,다양한 용도별로 최적화된 에폭시수지 제품을,
국도화학,설립되었다,1972년에,
국도화학,집중하고 있다,에폭시수지의 개발 및 생산에,
국도화학,유지하고 있다,반세기 가까이 흑자 기조를,
국도화학,전문메이커이다,에폭시수지의,
국도화학,제품,자체 기술력을 기반으로,
국도화학,고부가가치 제품군을 개발하여,자체 기술력을 기반으로,
국도화학,고순도 제품군을 개발하여,자체 기술력을 기반으로,
국도화학,친환경 제품군을 개발하여,자체 기술력을 기반으로,
국도화학,제품화하고 있다,제품군 등을 개발하여,
요구가 증가하면서,요구된다,고성능 전자기기에 대한,
유기 물질,사용된다,자동차 등의 전기 장치에,
유기 물질,요구된다,저유전 특성이,
유기 물질,요구된다,저탄성이,
유기 물질,요구된다,양호한 열팽창계수가,
유기 물질,요구된다,접착력이,
고성능 전자기기,요구된다,저유전 특성 및 저탄성,
고성능 전자기기,요구된다,양호한 열팽창계수 및 접착력,
국도화학,개발하였다,특정 반복단위를 포함하는 새로운 에폭시수지를,
국도화학,개발하였다,화학식1로 표시되는 연결기를 중심으로 하는 구조를 가지는 새로운 에폭시수지를,
국도화학이 개발한 에폭시수지,가지다,저탄성 특성을,
국도화학이 개발한 에폭시수지,가지다,저유전 특성을,
국도화학이 개발한 에폭시수지,가지다,양호한 열팽창계수를,
국도화학이 개발한 에폭시수지,가지다,접착력을,
국도화학이 개발한 에폭시수지,적용할 수 있다,고성능 전자기기에,
국도화학이 개발한 에폭시수지,가지다,고성능 전자기기에 적용할 수 있는 장점을,
국도화학,혼성시키고,에폭시수지를 무기원소와,
국도화학,변성시켜,산무수물을 글리콜로,
국도화학,개발하였고,열경화성 수지 조성물로 구현한 에폭시수지를,
국도화학의 에폭시수지는,응용이 가능한,전자기기의 투명기판으로,
국도화학의 에폭시수지는,응용이 가능한,외장재로,
국도화학의 에폭시수지는,응용이 가능한,보호재로,
국도화학,기록했다,에폭시 생산능력 세계 1위를,
에폭시 생산능력,포함한다,경화제를,
에폭시 생산능력,75만톤이다,2019년 10월 기준,
국도화학,확인된다,에폭시 생산능력 세계 1위로,
에폭시 생산능력,75만톤이다,국내뿐만 아니라 세계에서도,
국도화학,갖춤,익산공장을,
국도화학,갖춤,부산공장을,
국도화학,갖춤,자회사 국도정밀㈜의 시화공장을,
국도화학,갖춤,국도화공(쿤샨)유한공사의 생산설비를,
국도화학,갖춤,Kukdo Chemical India Pvt.Ltd의 생산설비를,
국도화학,갖춤,2021년 기준 에폭시수지 사업부문 연간 총 82만톤의 생산능력을,
국도화학,기록했다,에폭시 생산능력 세계 1위를 2019년 10월 기준으로,
에폭시 생산능력,포함한다,경화제를,
에폭시 생산능력,75만톤이다,2019년 10월 기준,
국도화학,확인된다,에폭시 생산능력 세계 1위로,
국도화학,충족하고 있다,고객의 니즈를,
국도화학,유지하고 있다,국내 1위의 시장점유율을,
국도화학,사용한다,다품종 소량생산 방식을,
국도화학,설립하였다,"신규 법인을 인도, 중국, 유럽, 미국 등에",
국도화학,확보하고 있다,에폭시수지의 글로벌 사업기반을,
국도화학,흡수합병하였다,국도정밀㈜을,
국도화학,강화하였다,주력사업 부문을,
국도화학,확보를 위하여,신성장 동력을,
국도화학,개발하여 판매하고 있다,풍력 발전기 블레이드용 고부가가치 제품을,
국도화학,개발하여 판매하고 있다,전기자동차 부품용 고부가가치 제품을,
국도화학,개발하여 판매하고 있다,수소 탱크용 고부가가치 제품을,
국도화학,설립하였다,생산법인(Kukdo Chemical India Pvt.Ltd)을 2017년 5월 인도에,
국도화학,운영하고 있다,4만 톤 규모의 생산능력을 갖춘 에폭시 공장을,
인도는,많다,에폭시의 소비가 세계에서 3번째로,
국도화학,설립하였다,종합기술연구소를 중국에,
국도화학,설립하였다,생산법인 국도화공(쿤샨)유한공사를 중국에,
국도화학,설립하였다,생산법인 국도화공(닝보)유한공사를 중국에,
국도화학,개발하고 있다,중국 현지에 부합하는 제품을,
국도화학,수행하고 있다,기술지원 활동을 통해,
국도화학,영위하고 있다,사업을 중국 현지에 부합하는 제품 개발 및 기술지원 활동을 통해,
중국,수요가 가장 크다,세계 에폭시 및 폴리우레탄 시장 중,
국도화학,설립하였다,신규 법인(Kukdo Europe GmbH)을 독일에 2021년 4월,
국도화학,설립하였다,판매법인(Kukdo Chemical America Inc.)을 미국에 2022년 1월,
국도화학,확대하고 있다,글로벌 사업기반을,
국도화학,확보하기 위하여,주도적 사업자 지위를 미국에서,
국도화학,주력으로 하고 있다,에폭시수지 판매활동을 미국에서,
국도화학,흡수합병하였다,종속회사인 국도정밀㈜을 2022년 7월,
국도화학,확보하고 있다,규모의 경쟁력을,
국도화학,제고하고 있다,운영효율성을,
국도화학,강화하고 있다,수익성을,
국도정밀㈜은,영위하고 있다,에폭시수지의 제조 및 임가공을 주요 사업으로,
국도화학,도모하고 있다,에폭시 사업부문의 양적 성장을,
국도화학,목적으로 하고 있다,수익성 강화를,
국도화학,도모하고 있다,주력 사업의 양적 성장을,
2022.07,흡수합병,국도정밀㈜,
2022.01,설립,"(2022.01, 설립, 미국 판매법인(Kukdo chemical America Inc.))",
2021.04,설립,"(2021.04, 설립, 유럽 판매법인(Kukdo Europe GmbH, 독일))",
2018.01~2018.11,준공,"(2018.01~2018.11, 준공, 국내 익산공장 (EPOXY RESIN(NTS-P)))",
2018.01~2018.11,증설,"(2018.01~2018.11, 증설, 국내 익산공장 (SPECIAL RESIN(PF-P), EPOXY RESIN(PA-P)))",
2018.06,설립,"(2018.06, 설립, 중국 생산법인(국도화공(닝보)유한공사))",
각 국가에서,추진되고 있다,기후변화에 대응하기 위한 글로벌 그린 뉴딜 정책이,
바이든 대통령의,정책은,친환경,
바이든 대통령은,당선되었더,2021년 1월,
세계 각 국가에서,추진되고 있다,화석 연료 중심의 사회에서 친환경 에너지 중심 사회로의 변화 정책이,
변화 정책이,추진되고 있다,세계 각 국가에서,
국도화학,사용되는,풍력 발전기 블레이드에,
블레이드에,사용되는,에폭시수지를,
에폭시수지를,공급하고,덴마크의 베스타스에,
에폭시수지를,공급하고,독일의 지멘스에,
에폭시수지를,공급하고,미국의 헥셀에,
국도화학,공급하고, 에폭시수지를,
에폭시수지를,공급하고,글로벌 업체들에게,
풍력 발전기 블레이드는,의해,바람에 손상되지 않으면서 구동할 수 있도록,
블레이드는,구동할 수 있도록,가볍고 길고 구부러진 형태로 만들기 위해,
블레이드를 만들기 위해,가진,높은 강도와 접착성을 가진 에폭시수지를,
풍력 발전소,구성된다,블레이드의 약 25%가,
블레이드의 약 25%가,구성된다,에폭시수지로,
국도화학의 풍력 발전기 블레이드용 에폭시수지,획득하였다,제품인증을 2009년 5월,
국도화학의 풍력 발전기 블레이드용 에폭시수지,증가하고 있다,매출이 점진적으로,
매출이,증가하고 있다,점진적으로,
제품인증을,획득하였다,2009년 5월,
국도화학,확보,향후 신성장 동력을,
국도화학,바탕으로,자체 R&D 역량을,
국도화학,바탕으로,고부가가치 에폭시 수지의 개발을 위한 투자를 확대하는,
국도화학,확대하는,고부가가치 에폭시 수지의 개발을 위한 투자를,
국도화학,지속하고,활동을,
정보통신기술의 발달과 친환경 정책 등의 영향으로,인해,에폭시수지의 사용 용도 및 수요가 다양화되고,
에폭시수지의 사용 용도 및 수요가,다양화되고,"전기자동차 용도 및 수소탱크 용, 우주항공분야 등으로",
에폭시수지의 사용 용도 및 수요가,다양화되고,꾸준히,
국도화학,포함,전방산업,
국도화학,건설,전방산업,
국도화학,자동차,전방산업,
국도화학,풍력,전방산업,
"국도화학의 주요 전방산업인 건설,  인프라, 자동차, 풍력",예상,2021년 대비 개선될 것으로,
"건설, 인프라, 자동차, 풍력",개선될,2021년 대비,
전방산업의 수요 증가에,따라,국도화학의 에폭시수지 수요도 증가할,
국도화학,증가,에폭시수지 수요,
국도화학,기록하였다,코로나19의 여파에도 불구하고,
국도화학,기록하였다,LNG선 발주 등 조선업의 호황에 힘입어,
국도화학,기록하였다,"2021년 매출액 1조 5,771억 원",
국도화학,기록하였다,39.20% YoY,
국도화학,유지되었다,이러한 기조가 2022년 상반기에도,
국도화학,나타내었다,"8,581억 원의 양호한 실적을",
실적이,증가하였다,전년 동기 대비 14.1%,
중국 쿤샨시의 정책으로,제한되었다,일부 원료의 사용이 2019년 3월 말에,
중국 쿤샨 폴리올 공장,재가동되었다,일부만,
국내 시장에 공급하는,위축되었다,Base 폴리올사업이,
중국 닝보에,완공되었다,12만톤 규모의 Base 폴리올 생산 공장이,
폴리올 생산 공장이,가동,2022년에,
폴리올시장,전망,회복,
국도화학의 에폭시수지 및 폴리올수지 사업부문의 시장현황 등,고려,2022년 하반기 매출액은,
2022년 하반기 매출액,감소,전년 동기보다 12%,
2022년 하반기 매출액,전망,"7,250억 원",
국도화학의 2022년 매출액,전망한다,전년보다 조금 높은 1조 5.832억 원,
1조 5.832억 원,전망한다,YoY 0.40%,
국도화학,전망되며,에폭시수지의 주요 원재료 가격에 직접적인 영향을 주는,
원유 가격이,상승함에 따라,원재료 가격에 직접적인 영향을 주는,
원유 가격이,상승함에 따라,영업이익률 역시 감소할 것으로,
영업이익률,전망되며,감소할 것으로,
국도화학의 영업이익률은,기록할,2022년,
국도화학의 영업이익률은,기록할,전년 대비 4.0%p 감소한 9.0%를,
국도화학의 영업이익률은,전망한다,기록할 것으로,
EU 집행위,2024년 07월 01일,반덤핑 조사 개시 발표,
반덤핑,에폭시수지,조사 대상 품목,
반덤핑,한국,조사 대상 국가,
반덤핑,중국,조사 대상 국가,
반덤핑,대만,조사 대상 국가,
반덤핑,태국,조사 대상 국가,
에폭시수지 반덤핑 조사,에폭시수지,대상 품목,
에폭시수지 반덤핑 조사,개시,EU 에폭시수지 생산자 협의체 제소,
EU 에폭시수지 생산자 협의체,2024년 06월 06일,제소 날짜,
에폭시수지,특성,내열성 뛰어남,
에폭시수지,특성,접착력 뛰어남,
에폭시수지,용도,전자제품,
에폭시수지,용도,항공우주,
에폭시수지,용도,선박용 도료,
에폭시수지,용도,자동차용 도료,
에폭시수지,용도,반도체,
에폭시수지,용도,풍력에너지,
EU 집행위,조사 개시,역외국 에폭시수지 덤핑에 따른 EU 시장점유 확대,
제소 기업 주장,EU 시장점유 확대,역내 산업 실질적 피해,
EU 집행위,내부 검토 결과,덤핑 및 피해 사실 근거 충분,
EU 집행위,조사 개시 발표,덤핑 및 피해 근거 확인,
올린,주장,한국 수출기업 부당한 가격 판매,
올린,주장,중국 수출기업 부당한 가격 판매,
올린,주장,대만 수출기업 부당한 가격 판매,
올린,주장,태국 수출기업 부당한 가격 판매,
한국 수출기업,판매,유럽에 부당하게 낮은 가격,
중국 수출기업,판매,유럽에 부당하게 낮은 가격,
대만 수출기업,판매,유럽에 부당하게 낮은 가격,
태국 수출기업,판매,유럽에 부당하게 낮은 가격,
유럽 생산기업,피해,외 수출기업의 낮은 가격 판매,
올린,입장,그린딜 달성과 EU 공급망 탄력성 보장 필요성,
올린,입장,에폭시수지 보호 필요성,
에폭시수지,활용 분야,핵심 산업,
제소협회,주장,중국 덤핑마진 140~170%,
제소협회,주장,한국 덤핑마진 10~40%,
제소협회,주장,대만 덤핑마진 20~40%,
제소협회,주장,태국 덤핑마진 60~90%,
집행위 조사 대상 품목,포함,HS 291090,
집행위 조사 대상 품목,포함,HS 382499,
집행위 조사 대상 품목,포함,HS 390730,
집행위 조사 대상 품목,포함,TARIC 2910900005,
집행위 조사 대상 품목,포함,TARIC 3824999296,
집행위 조사 대상 품목,포함,TARIC 3824999310,
집행위 조사 대상 품목,포함,TARIC 3907300005,
집행위 조사 대상 품목,포함,TARIC 3907300020,
집행위 조사 대상 품목,포함,TARIC 3907300080,
덤핑 사실 및 산업 피해 조사,2023-04-01부터,기간,
덤핑 사실 및 산업 피해 조사,2024-03-31까지,기간,
품목 수입 추이,2020년 1월 1일 이후,검토 예정,
집행위 조사,관보 공고일로부터 최대 14개월 이내,종료 시한,
집행위 조사,조사 개시 후 8개월 내,반덤핑 잠정 관세 부과 가능 시점,
관련 기업,관보 공고일로부터 37일 이내,업계 의견 제출 기한,
관련 기업,2024년 08월 06일,업계 의견 제출 마감일,
관련 기업,2024년 07월 15일,EU 집행위 공청회 신청 기한,
EU 집행위,조사 대상,중국산 에폭시수지 원자재 왜곡 여부,
EU 집행위,7월 15일,중국 생산기업 정보 제출 기한,
EU 집행위,요구 정보,제품 생산에 사용된 원자재 관련 정보,
EU 집행위,요구 정보,제품 생산에 사용된 에너지 관련 정보,
한국산 에폭시수지,규제 대상,2023년도 EU 수입,
한국산 에폭시수지,품목별 1~8위 차지,수입 점유 순위,
HS 382499,약 34억 달러,EU 수입 규모,
HS 382499,50%,한국 수입 점유율,
HS 382499,한국 1위,EU 수입국 순위,
HS 390730,총 1억 6900만 달러,EU 수입 규모,
HS 390730,22.80%,한국 수입 점유율,
HS 390730,한국 2위,EU 수입국 순위,
HS 291090,약 170만 달러,EU 수입 규모,
HS 291090,2.65%,한국 수입 점유율,
HS 291090,한국 8위,EU 수입국 순위,
규제 대상,2023년 EU 수입,한국산 에폭시수지 품목,
규제 대상 에폭시수지 품목,포함,HS 382499,
규제 대상 에폭시수지 품목,포함,HS 390730,
규제 대상 에폭시수지 품목,포함,HS 291090,
HS 382499,포함,조제 점결제,
HS 382499,포함,기타 화학공업에 따른 조제품,
HS 390730,포함,에폭시수지,
HS 291090,포함,에폭시페놀,
HS 291090,포함,에폭세에테르,
HS 291090,포함,에폭시드,
HS 291090,포함,에폭시알코올,
HS 382499,수입,주요국 한국,
HS 382499,약 10억 달러,미국 수입,
HS 382499,약 15%,미국 시장점유율,
HS 382499,8억2000만 달러,중국 수입 규모,
HS 382499,5억3000만 달러,영국 수입 규모,
HS 382499,1억8000만 달러,스위스 수입 규모,
HS 390730,1억9000만 달러,스위스 수입 규모,
HS 390730,약 1.7억 달러,한국 수입 규모,
HS 390730,7633만 달러,중국 수입 규모,
HS 390730,6956만 달러,미국 수입 규모,
HS 390730,4731만 달러,영국 수입 규모,
HS 291090,1899만 달러,중국 수입 규모,
HS 291090,약 29.5%,중국 수입 비중,
HS 291090,1665만 달러,일본 수입 규모,
HS 291090,946만 달러,스위스 수입 규모,
HS 291090,556만 달러,인도 수입 규모,
HS 291090,518만 달러,대만 수입 규모,
HS 382499,한국 1위,국별 수입 순위,
HS 382499,미국 2위,국별 수입 순위,
HS 382499,중국 3위,국별 수입 순위,
HS 382499,영국 4위,국별 수입 순위,
HS 382499,스위스 5위,국별 수입 순위,
HS 382499,"763,351,000 달러",2021년 한국 수입 규모,
HS 382499,"1,963,310,000 달러",20222 한국 수입 규모,
HS 382499,"3,416,228,000 달러",2023년 한국 수입 규모,
HS 382499,"1,005,078,000 달러",2021년 미국 수입 규모,
HS 382499,"1,060,985,000 달러",2022년 미국 수입 규모,
HS 382499,"1,014,056,000 달러",2023년 미국 수입 규모,
HS 382499,"898,821,000 달러",2021년 중국 수입 규모,
HS 382499,"1,196,091,000 달러",2022년 중국 수입 규모,
HS 382499,"822,178,000 달러",2023년 중국 수입 규모,
HS 390730,스위스 1위,국별 수입 순위,
HS 390730,한국 2위,국별 수입 순위,
HS 390730,중국 3위,국별 수입 순위,
HS 390730,미국 4위,국별 수입 순위,
HS 390730,"219,976,000 달러",2021년 스위스 수입 규모,
HS 390730,"221,019,000 달러",2022년 스위스 수입 규모,
HS 390730,"193,052,000 달러",2023년 스위스 수입 규모,
HS 390730,"198,511,000 달러",2021년 한국 수입 규모,
HS 390730,"212,064,000 달러",2022년 한국 수입 규모,
HS 390730,"169,000,000 달러",2023년 한국 수입 규모,
HS 390730,"67,462,000 달러",2021년 중국 수입 규모,
HS 390730,"88,179,000 달러",2022년 중국 수입 규모,
HS 390730,"76,330,000 달러",2023년 중국 수입 규모,
HS 390730,"51,125,000 달러",2021년 미국 수입 규모,
HS 390730,"67,505,000 달러",2022년 미국 수입 규모,
HS 390730,"69,564,000 달러",2023년 미국 수입 규모,
HS 291090,중국 1위,국별 수입 순위,
HS 291090,일본 2위,국별 수입 순위,
HS 291090,스위스 3위,국별 수입 순위,
HS 291090,인도 4위,국별 수입 순위,
HS 291090,대만 5위,국별 수입 순위,
HS 291090,한국 8위,국별 수입 순위,
HS 291090,"24,755,000 달러",2021년 중국 수입 규모,
HS 291090,"36,667,000 달러",2022년 중국 수입 규모,
HS 291090,"18,997,000 달러",2023년 중국 수입 규모,
HS 291090,"21,518,000 달러",2021년 일본 수입 규모,
HS 291090,"24,888,000 달러",2022년 일본 수입 규모,
HS 291090,"16,657,000 달러",2023년 일본 수입 규모,
HS 291090,"9,710,000 달러",2021년 스위스 수입 규모,
HS 291090,"8,781,000 달러",2022년 스위스 수입 규모,
HS 291090,"9,461,000 달러",2023년 스위스 수입 규모,
EU 반덤핑 조사 결과,발표 예상,2025년 가을 이전,
기업 제출 의견,영향,집행위의 덤핑 여부 판정,
기업 제출 증거,영향,집행위의 덤핑 여부 판정,
관련 기업,참여,조사,
관련 기업,소명,역내 산업 피해가 한국산 제품에서 비롯되지 않았음,
관련 기업,유도,반덤핑 무혐의,
관련 기업,유도,관세 인하,
미국 상무부,2024년 04월 24일,한국산 에폭시수지 반덤핑 조사 개시 발표,
미국 상무부,2024년 04월 24일,한국산 에폭시수지 상계관세 조사 개시 발표,
한국산 에폭시수지,다른 국가로 확대 추세,규제,
한국산 에폭시수지,주의 필요,규제,
한국산 에폭시수지,필요,적극적 대응,
올린,유통,미국,
올린,유통,유럽,
올린,유통,아시아 태평양,
올린,유통,라틴 아메리카,
올린,유통,캐나다,
올린,제조,화학 제품,
올린,운영,염소 알칼리 제품,
올린,운영,비닐,
올린,운영,에폭시,
올린,운영,윈체스터,
올린,부문,염소 알칼리 제품 및 비닐,
올린,부문,에폭시,
올린,부문,윈체스터,
염소 알칼리 제품 및 비닐,제공,염소,
염소 알칼리 제품 및 비닐,제공,가성 소다,
염소 알칼리 제품 및 비닐,제공,염화 에틸렌,
염소 알칼리 제품 및 비닐,제공,염화 비닐 모노머,
염소 알칼리 제품 및 비닐,제공,염화 메틸,
염소 알칼리 제품 및 비닐,제공,염화 메틸렌,
염소 알칼리 제품 및 비닐,제공,클로로포름,
염소 알칼리 제품 및 비닐,제공,사염화탄소,
염소 알칼리 제품 및 비닐,제공,퍼클로로에틸렌,
염소 알칼리 제품 및 비닐,제공,염산,
염소 알칼리 제품 및 비닐,제공,수소,
염소 알칼리 제품 및 비닐,제공,표백 제품,
염소 알칼리 제품 및 비닐,제공,수산화 칼륨,
염소 알칼리 제품 및 비닐,제공,염소화 유기물 중간체,
염소 알칼리 제품 및 비닐,제공,용매,
에폭시 부문,제공,염화알릴,
에폭시 부문,제공,에피클로로히드린,
에폭시 부문,제공,글리세린,
에폭시 부문,제공,아세톤,
에폭시 부문,제공,비스페놀,
에폭시 부문,제공,쿠멘,
에폭시 부문,제공,페놀,
에폭시 부문,제공,액체 에폭시 수지,
에폭시 부문,제공,고체 에폭시 수지,
에폭시 부문,제공,변환 에폭시 수지,
에폭시 부문,제공,첨가제,
윈체스터 부문,제공,샷쉘,
윈체스터 부문,제공,소구경 센터파이어 탄약,
윈체스터 부문,제공,림파이어 탄약,
윈체스터 부문,제공,스포츠 탄약,
윈체스터 부문,제공,소구경 군용 탄약,
윈체스터 부문,제공,게이지 로드,
윈체스터 부문,제공,분말 작동 공구 로드,
윈체스터 부문,제공,분말 작동 공구,
올린,판매,영업 인력,
올린,판매,산업 고객,
올린,판매,대형 마트,
올린,판매,소매업체,
올린,판매,도매업체,
올린,판매,총기 클럽,
올린,판매,기타 유통업체,
올린,판매,미국 정부,
올린,판매,주요 계약업체,
올린,설립,1892년,
올린,위치,미주리주,
올린,위치,클레이튼,
올린,2023년 순이익,"4억 6,020만 달러",
올린,2022년 순이익,"13억 2,690만 달러",
올린,순이익 감소,"8억 6,670만 달러",
올린,65%,순이익 감소율,
올린,순이익 감소 원인,영업 실적 저조,
올린,순이익 감소 원인,모든 사업 부문,
올린,원인,전년도 대비 순이익 감소,
올린,2023년 순이익 포함,"2,700만 달러 세전 이익",
올린,세전 이익 발생,국내 민간 화물 운송 차량 매각,
올린,세전 이익 발생,운영 매각,
올린,2023년 희석 주당 순이익,3.57달러,
올린,2022년 희석 주당 순이익,8.94달러,
올린,주당 순이익 감소,5.37달러,
올린,주당 순이익 감소율,60%,
올린,희석 주당 순이익 감소,자사주 매입으로 긍정적 영향,
올린,2023년 동안,자사주 매입,
올린,희석 주당 순이익 긍정적 영향,자사주 매입,
올린,자산 인수,White Flyer,
올린,인수,"금액 6,390만 달러",
올린,인수,일자 2023년 10월 1일,
올린,인수,대상 Reagent,
올린,자산 인수,White Flyer,
올린,인수,"금액 6,390만 달러",
올린,인수,일자 2023년 10월 1일,
올린,인수,대상 Reagent,
White Flyer 부문,설계,레크리에이션용 함정 타겟,
White Flyer 부문,설계,스키트 타겟,
White Flyer 부문,설계,국제 타겟,
White Flyer 부문,설계,스포츠 클레이 타겟,
White Flyer 부문,제조,레크리에이션용 함정 타겟,
White Flyer 부문,제조,스키트 타겟,
White Flyer 부문,제조,국제 타겟,
White Flyer 부문,제조,스포츠 클레이 타겟,
White Flyer 부문,판매,레크리에이션용 함정 타겟,
White Flyer 부문,판매,스키트 타겟,
White Flyer 부문,판매,국제 타겟,
White Flyer 부문,판매,스포츠 클레이 타겟,
White Flyer 부문,포함,Winchester 부문,
올린,합작 회사,BWA,
올린,파트너,Mitsui,
BWA,운영,2023년 01월 10일,
올린,운영,BWA,
올린,보유,BWA 지분 51%,
Mitsui,보유,BWA 지분 49%,
올린,통제권 행사,BWA,
BWA,포함,Chlor Alkali Products and Vinyls 부문,
BWA,포함,통합 재무제표,
BWA,중점 거래,가성 소다,
BWA,중점 거래,EDC,
BWA,거래 상품,ECU 기반 파생상품,
BWA,독립 글로벌 거래 업체,ECU 기반 파생상품,
Chlor Alkali Products and Vinyls 부문,2023년 부문,"수익 6억 6,420만 달러",
Chlor Alkali Products and Vinyls 부문,2022년 부문,"수익 11억 8,130만 달러",
Chlor Alkali Products and Vinyls 부문,수익 감소,2023년 대비 2022년,
Chlor Alkali Products and Vinyls 부문,실적 저조 원인,낮은 물량,
Chlor Alkali Products and Vinyls 부문,실적 저조 원인,낮은 가격,
Chlor Alkali Products and Vinyls 부문,실적 상쇄 요인,원재료 비용 감소,
Chlor Alkali Products and Vinyls 부문,실적 상쇄 요인,운영 비용 감소,
올린,추가 비용 발생,Freeport 시설 유지 보수,
올린,추가 비용 발생,TX 시설 유지 보수,
올린,추가 비용 발생,비닐 염화 모노머 공장 운영 문제,
올린,이익 감소,1억 420만 달러,
올린,이익 감소 원인,손실된 매출,
추가 비용,부정적 영향,부문 실적,
이익 감소,부정적 영향,부문 실적,
올린,정상 운영 재개,비닐염화 모노머 공장,
비닐염화 모노머 공장,정상 운영 재개,3분기 후반,
올린,2023년 부문 손실,"Epoxy 부문 3,100만 달러",
올린,2022년 부문 수익,"Epoxy 부문 3억 8,850만 달러",
Epoxy 부문,실적 변화,수익에서 손실로 감소,
올린,실적 저조,Epoxy 부문,
Epoxy 부문,실적 저조 원인,낮은 물량,
Epoxy 부문,실적 저조 원인,낮은 제품 가격,
Epoxy 부문,실적 비교,전년도보다 저조,
올린,실적,Epoxy 부문,
Epoxy 부문,부정적 영향,아시아에서 유럽으로의 수출,
Epoxy 부문,부정적 영향,아시아에서 북미로의 수출,
Epoxy 부문,부정적 영향,가격,
Epoxy 부문,부정적 영향,물량,
올린,부정적 영향,Epoxy 부문,
Epoxy 부문,부정적 영향,낮은 물량,
Epoxy 부문,부정적 영향,낮은 가격,
Epoxy 부문,상쇄 요인,원재료 비용 감소,
Epoxy 부문,상쇄 요인,운영 비용 감소,
올린,2023년 부문 수익,"Winchester 부문 2억 5,560만 달러",
올린,2022년 부문 수익,"Winchester 부문 3억 7,290만 달러",
Winchester 부문,수익변화,2022년 대비 2023년 감소,
Winchester 부문,실적 저조 원인,상업용 물량 감소,
Winchester 부문,실적 저조 원인,상업용 가격 감소,
Winchester 부문,실적 상쇄 요인,국내 군사 판매 증가,
Winchester 부문,실적 상쇄 요인,국제 군사 판매 증가,
Winchester 부문,실적 변화,전년도보다 저조,
올린,자사주 매입,"1,330만 주",
올린,자사주 매입,"총액 7억 1,130만 달러",
올린,자사주 소각,"1,330만 주",
자사주 매입,기간,2023년 동안,
올린,추가 매입 가능,"보통주 9억 9,700만 달러",
올린,2023년 12월 31일,기준일,
추가 매입 가능 보통주,2022년,매입 승인 프로그램,
올린,"8,590만 달러",2023년 순차입금,
올린,차입금 출처,Senior Revolving Credit Facility,
Senior Revolving Credit Facility,차입금액,"6,800만 달러",
올린,차입금 출처,Receivables Financing Agreement,
Receivables Financing Agreement,차입금액,"2,850만 달러",
올린,산업,화학 제품,
올린,산업,탄약,
올린,역할,수직 통합 글로벌 제조업체,
올린,역할,수직 통합 글로벌 유통업체,
올린,위치,미국,
올린,지위,미국 내 주요 탄약 제조업체,
올린,운영,Chlor Alkali Products and Vinyls 부문,
올린,운영,Epoxy 부문,
올린,운영,Winchester 부문,
올린,사업,자본 집약적 제조 사업,
Chlor Alkali Products and Vinyls 부문,사업,자본 집약적 제조 사업,
Epoxy 부문,사업,자본 집약적 제조 사업,
Winchester 부문,사업,자본 집약적 제조 사업,
Chlor Alkali Products and Vinyls 부문,제품,염소,
Chlor Alkali Products and Vinyls 부문,제품,가성 소다,
Chlor Alkali Products and Vinyls 부문,제품,염화에틸렌,
Chlor Alkali Products and Vinyls 부문,제품,염화비닐 모노머,
Chlor Alkali Products and Vinyls 부문,제품,염화메틸,
Chlor Alkali Products and Vinyls 부문,제품,염화메틸렌,
Chlor Alkali Products and Vinyls 부문,제품,클로로포름,
Chlor Alkali Products and Vinyls 부문,제품,사염화탄소,
Chlor Alkali Products and Vinyls 부문,제품,퍼클로로에틸렌,
Chlor Alkali Products and Vinyls 부문,제품,염산,
Chlor Alkali Products and Vinyls 부문,제품,수소,
Chlor Alkali Products and Vinyls 부문,제품,표백제,
Chlor Alkali Products and Vinyls 부문,제품,수산화칼륨,
Chlor Alkali Products and Vinyls 부문,58%,2023년 매출 기여도,
Epoxy 부문,제품,아세톤,
Epoxy 부문,제품,페놀,
Epoxy 부문,제품,방향족 화합물,
Epoxy 부문,제품,알릴 클로라이드,
Epoxy 부문,제품,에피클로로하이드린,
Epoxy 부문,제품,액체 에폭시 수지,
Epoxy 부문,제품,고체 에폭시 수지,
Epoxy 부문,제품,변형 에폭시 수지,
Epoxy 부문,제품,첨가제,
Epoxy 부문,제품군,다양한 에폭시 재료,
Epoxy 부문,제품군,전구체,
Epoxy 부문,20%,2023년 매출 기여도,
Winchester 부문,제품,스포츠 탄약,
Winchester 부문,제품,재장전 구성 요소,
Winchester 부문,제품,소구경 군용 탄약,
Winchester 부문,제품,군용 탄약 구성 요소,
Winchester 부문,제품,산업용 탄약,
Winchester 부문,제품,클레이 타겟,
Winchester 부문,22%,2023년 매출 기여도,
염소,원료 사용,비닐,
염소,원료 사용,우레탄,
염소,원료 사용,에폭시,
염소,원료 사용,수처리 화학 제품,
염소,원료 사용,유기 화학 제품,
염소,원료 사용,무기 화학 제품,
염소,원료 사용,수천 가지 제품,
염소 생산,용도,EDC 제조,
염소 생산,용도,VCM 제조,
EDC,제조 부문,올린의 Chlor Alkali Products and Vinyls,
VCM,제조 부문,올린의 Chlor Alkali Products and Vinyls,
염소 생산,사용처,비닐 중간체,
EDC 생산,주요 용도,VCM 생산,
올린,주요 업체,상업용 EDC 판매,
상업용 EDC,판매 업체,올린,
올린,역할,세계적인 주요 업체,
올린,마케팅,자체 생산 EDC,
올린,구매,EDC (재판매 목적),
올린,재판매,EDC,
EDC,구매 목적,전 세계 재판매,
EDC,전구체,폴리염화비닐(PVC),
VCM,전구체,폴리염화비닐(PVC),
PVC,용도,비닐 사이딩,
PVC,용도,파이프,
PVC,용도,파이프 피팅,
PVC,용도,자동차 부품,
올린,제조 및 판매,염산,
올린,제조 및 판매,차아염소산 나트륨(표백제),
올린,제조 및 판매,수산화칼륨,
올린,제품군,기타 염소 알칼리 관련 제품,
올린,제품군,염소화 유기 화합물,
올린,제품군,에폭시 수지 제품,
염소,원료 사용,염소화 유기 화합물,
염소,원료 사용,에폭시 수지 제품,
올린,목표,ECU 가치 상승,
염소,목적,다운스트림 응용 제품 생산,
올린,업계 리더십,염소화 유기 화합물,
올린,업계 리더십,에폭시 수지,
올린,업계 리더십,기타 제품,
올린,제공,사내 염소 판매처,
염소,판매처,염소화 유기 화합물 생산,
염소,판매처,에폭시 수지 생산,
염소,판매처,기타 제품 생산,
올린,사업부,Epoxy 부문,
Epoxy 사업부,업계 위치,첫 번째 주요 에폭시 제품 제조업체 중 하나,
Epoxy 사업부,강점,제품 혁신,
Epoxy 사업부,강점,기술적 우수성,
Epoxy 사업부,역사,반세기 이상,
올린,제품,Epoxy부문,
Epoxy 부문,제품,에폭시 수지,
Epoxy 부문,제품,경화제,
Epoxy 부문,제품,중간체,
Epoxy 부문,위치,세계 최대 통합 생산업체 중 하나,
Epoxy 부문,비용 이점,저비용 원료와의 통합,
Epoxy 부문,원료,염소,
Epoxy 부문,원료,가성 소다,
Epoxy 부문,원료,알릴류,
Epoxy 부문,원료,방향족 화합물,
Epoxy 부문,원인,통합,
Epoxy 부문,방향족 화합물,아세톤,
Epoxy 부문,방향족 화합물,페놀,
알릴 클로라이드,동의어,Allyl,
Epoxy 부문,알릴류,알릴 클로라이드,
에피클로로하이드린,동의어,EPI,
Epoxy 부문,알릴류,에피클로로하이드린,
액체 에폭시 수지,동의어,LER,
Epoxy 부문,에폭시수지류,액체 에폭시 수지,
고체 에폭시 수지,동의어,SER,
Epoxy 부문,에폭시수지류,고체 에폭시 수지,
변형 에폭시 수지,동의어,CER,
Epoxy 부문,시스템 제품,변형 에폭시 수지,
Epoxy 부문,시스템 제품,첨가제,
Epoxy 부문,제품군,시스템 및 성장 플랫폼,
Epoxy 부문,제품군,다양한 에폭시 재료,
Epoxy 부문,제품군,전구체,
Epoxy 부문,중점 분야,지속 가능성 향상,
Epoxy 부문,중점 분야,온실가스 배출 감소,
Epoxy 부문,서비스 제공,풍력 에너지,
Epoxy 부문,서비스 제공,전기 라미네이트,
Epoxy 부문,서비스 제공,소비재,
Epoxy 부문,서비스 제공,복합재,
Epoxy 부문,서비스 제공,토목 공학,
Epoxy 부문,서비스 제공,보호 코팅,
Epoxy 부문,관계 유지,주요 고객,
Epoxy 부문,관계 지속 기간,수십 년,
Epoxy 부문,주요 시장,북미,
Epoxy 부문,주요 시장,서유럽,
Epoxy 부문,제품 판매,북미,
Epoxy 부문,제품 판매,서유럽,
올린,에폭시 제품 운송,해상 선박,
올린,에폭시 제품 운송,깊은 물 바지선,
올린,에폭시 제품 운송,연안 바지선,
올린,에폭시 제품 운송,철도 차량,
Allyl,동의어,알릴,
올린,에폭시 제품 운송,트럭,
Allyl,원료 사용,EPI 생산,
Allyl,용도,화학 중간체,
Allyl,응용 분야,물 정화 화학 제품,
Allyl,응용 분야,여러 산업,
EPI,주 용도,에폭시 수지 생산 원료,
EPI,생산 목적,에폭시 수지 원료,
EPI,판매 대상,상업 시장,
LER,제조 형태,액체,
LER,경화 방법,경화제 추가,
LER,경화 후 형태,3차원 열경화성 고체 재료,
LER,특성,구조적 강도,
LER,특성,접착력,
LER,특성,전기 절연,
LER,특성,열 저항,
LER,특성,화학 저항,
LER,특성,부식 보호,
LER,적합 응용 분야,코팅,
LER,적합 응용 분야,복합재,
SER,원료,내부 생산 비스페놀,
SER,추가 가공 목적,특정 최종 시장 응용,
SER,가공 방식,추가 가공,
올린,외부 판매,LER,
올린,외부 판매,SER,
LER,전환,CER,
LER,전환,기타 첨가제 제품,
LER,전환 방식,시스템과 성장 플랫폼,
LER,생산 목적,고부가가치 수지,
고부가가치 수지,용도,특정고객 응용,
Epoxy 부문,주요 원재료,염소,
Epoxy 부문,주요 원재료,가성 소다,
Epoxy 부문,주요 원재료,벤젠,
Epoxy 부문,주요 원재료,프로필렌,
Epoxy 부문,주요 원재료,방향족 화합물,
방향족 화합물,구성 원재료,페놀,
방향족 화합물,구성 원재료,아세톤,
Epoxy 부문,원재료,벤젠,
Epoxy 부문,원재료,프로필렌,
Epoxy 부문,원재료 공급,안정적인 유지,
Epoxy 부문,원재료 안정 공급,벤젠,
Epoxy 부문,원재료 안정 공급,프로필렌,
Epoxy 부문,주요 원재료,클로르 알칼리,
Epoxy 부문,주요 원재료,방향족 화합물,
Epoxy 부문,통합,클로르 알칼리,
Epoxy 부문,통합,방향족 화합물,
Epoxy 부문,이점,생산 경제성,
생산 경제성,이점 원인,클로르 알칼리 통합,
생산 경제성,이점 원인,방향족 화합물 통합,
올린,구조,완전 통합,
완전 통합 구조,이점,저비용 원재료 접근성,
완전 통합 구조,이점,운영 유연성,
올린,제공,저비용 원재료 접근성,
올린,제공,운영 유연성,
Epoxy 부문,생산,페놀,
Epoxy 부문,생산,아세톤,
Epoxy 부문,통합 생산 체인,방향족,
방향족 생산 체인,용도,내부 소비,
방향족 생산 체인,용도,외부 판매,
Epoxy 부문,원재료 사용,염소,
염소 사용,효과,Chlor Alkali Products and Vinyls 부문의 가성 소다 생산,
Chlor Alkali Products and Vinyls 부문,생산 제품,가성 소다,
Chlor Alkali Products and Vinyls 부문,판매 제품,가성 소다,
염소 사용,효과,가성 소다 생산 및 판매 가능,
Epoxy 부문,원재료 사용,염소,
Epoxy 부문,원재료 사용,가성 소다,
염소 ,공급 부문,Chlor Alkali Products and Vinyls,
가성 소다,공급 부문,Chlor Alkali Products and Vinyls,
염소 ,이전 방식,원가,
가성 소다,이전 방식,원가,
에폭시 제품 및 서비스,제품군,알릴류,
에폭시 제품 및 서비스,제품군,방향족 화합물,
Allyl,구성 제품,알릴 클로라이드,
Allyl,구성 제품,에피클로로하이드린,
Allyl,구성 제품,글리세린,
방향족 화합물,구성 제품,아세톤,
방향족 화합물,구성 제품,페놀,
에폭시 제품 및 서비스,수지,액체 에폭시 수지,
에폭시 제품 및 서비스,수지,고체 에폭시 수지,
에폭시 제품 및 서비스,시스템 제품,변형 에폭시 수지,
에폭시 제품 및 서비스,시스템 제품,첨가제,
시스템 및 성장 플랫폼,제품,변형 에폭시 수지,
시스템 및 성장 플랫폼,제품,첨가제,
Epoxy,주요 최종 용도,폴리머 제조업체,
Epoxy,주요 최종 용도,수지 제조업체,
Epoxy,주요 최종 용도,기타 플라스틱 재료 제조업체,
Epoxy,주요 최종 용도,수처리 제품 제조업체,
Epoxy,주요 최종 용도,접착제,
Epoxy,주요 최종 용도,해양 코팅,
Epoxy,주요 최종 용도,보호 코팅,
Epoxy,주요 최종 용도,복합재,
Epoxy,주요 최종 용도,바닥재,
올린 에폭시 공장,위치,미국 텍사스주 프리포트,
올린 에폭시 공장,위치,독일 스타데,
올린 에폭시 공장,위치,네덜란드 테르네우젠,
올린 에폭시 공장,위치,브라질 과루자,
올린 에폭시 공장,위치,독일 발트링겐,
올린 에폭시 공장,위치,대한민국 구미,
올린 에폭시 공장,위치,이탈리아 피스티치,
올린 에폭시 공장,위치,독일 라인뮌스터,
올린 에폭시 공장,위치,미국 조지아주 로베르타,
올린 에폭시 공장,위치,중국 장자강,
Epoxy 부문,주요 원재료,벤젠,
Epoxy 부문,주요 원재료,가성 소다,
Epoxy 부문,주요 원재료,염소,
Epoxy 부문,주요 원재료,프로필렌,
Epoxy 부문,구성 요소,비스페놀,
Epoxy 부문,구성 요소,에피클로로하이드린,
Epoxy 부문,제품,액체 에폭시 수지,
Epoxy 부문,제품,고체 에폭시 수지,
올린,목표,ECU 수익률 집중,
Epoxy 부문,목표,ECU 수익률 극대화,
Epoxy 부문,중점 분야,마진 개선,
Epoxy 부문,수익률 중점 제품,EPI,
Epoxy 부문,수익률 중점 제품,LER,
Epoxy 부문,중점 응용 분야,ECU 파생 응용 분야,
ECU 파생 응용 분야,목표,수익률이 높은 응용 분야 참여,
올린,목표,비용 지속 절감,
Epoxy 부문,목표,생산성 비용 개선,
Epoxy 부문,중점 지역,아메리카,
Epoxy 부문,중점 지역,유럽,
Epoxy 부문,중점 제품,EPI,
Epoxy 부문,중점 제품,LER,
Epoxy 부문,비용 위치 최적화,전체 공급망,
올린,중점 분야,시스템 및 성장 플랫폼,
Epoxy 부문,목표,시장 참여 확장,
Epoxy 부문,중점,가치가 더 높은 플랫폼 제품,
Epoxy 부문,시장 맞춤,성장하는 최종 사용 시장,
올린,국제 운영 부문,유럽,
올린,국제 운영 부문,아시아 태평양,
올린,국제 운영 부문,라틴 아메리카,
올린,국제적 입지,유럽,
올린,국제적 입지,아시아 태평양,
올린,국제적 입지,라틴 아메리카,
올린,2023년 매출 비율,미국 외 지역 33%,
Chlor Alkali Products and Vinyls 부문,2023년 매출 비율,미국 외 지역 32%,
Epoxy 부문,2023년 매출 비율,미국 외 지역 57%,
Winchester 부문,2023년 매출 비율,미국 외 지역 11%,
올린,매출 포함,Chlor Alkali Products and Vinyls 부문,
올린,매출 포함,Epoxy 부문,
올린,매출 포함,Winchester 부문,
올린,접근 가능,저비용 원료,
올린,보유,비용 우위 인프라,
올린,위치,주요 글로벌 에폭시 생산업체,
올린,특성,완전 통합 에폭시 생산업체,
올린,경쟁력,비용 우위,
Epoxy 부문,시장 특성,경쟁이 치열함,
Epoxy 부문,필요,자본 투자,
Epoxy 부문,필요,독자적인 기술 개발,
Epoxy 부문,필요,제품 연구 개발 유지,
Epoxy 부문,운영 조건,자본 투자 요구,
Epoxy 부문,시장 특성,경쟁이 치열함,
Epoxy 부문,요구 사항,상당한 자본 투자,
Epoxy 부문,요구 사항,독자적인 기술 개발,
Epoxy 부문,요구 사항,제품 연구 개발 유지,
Epoxy 부문,운영 조건,자본 투자,
Epoxy 부문,운영 조건,기술 개발 필요,
Epoxy 부문,운영 조건,연구 개발 유지 필요,
올린,경쟁사,Huntsman,
올린,경쟁사,Westlake,
올린,경쟁사,국도화학,
올린,경쟁사,금호 P&B,
올린,경쟁사,아시아 생산업체들,
아시아,위치,여러 다른 생산업체들,
올린,경쟁 대상,저가 수입품,
올린,경쟁 노출,모든 범위의 에폭시 재료,
올린,경쟁 노출,에폭시 전구체,
에폭시 재료,경쟁 노출,저가 수입품,
에폭시 전구체,경쟁 노출,저가 수입품,
Chlor Alkali Products and Vinyls 부문,직원 수,"약 1,835명",
Epoxy 부문,직원 수,"약 1,072명",
Chemical 공통 서비스,직원 수,약 516명,
올린,매출 영향,건설 산업 경기 침체,
올린,매출 영향,코팅 산업 경기 침체,
올린,매출 영향,석유 및 가스 산업 경기 침체,
올린,매출 영향,인프라 산업 경기 침체,
올린,매출 영향,전자 산업 경기 침체,
올린,매출 영향,자동차 산업 경기 침체,
올린,매출 영향,수처리 산업 경기 침체,
올린,매출 영향,냉매 산업 경기 침체,
올린,매출 영향,탄약 산업 경기 침체,
올린,매출 영향,계절적 요인,
올린,계절성 영향,탄약 사업,
탄약 사업,계절성 요인,사냥 시즌,
탄약 사업,계절성 영향,의해 좌우됨,
Chlor Alkali 사업,계절적 활동 수준,봄과 여름에 가장 높음,
Chlor Alkali 사업,높은 활동 시기,봄,
Chlor Alkali 사업,높은 활동 시기,여름,
Chlor Alkali 사업,주요 활동 분야,건설,
Chlor Alkali 사업,주요 활동 분야,냉매,
Chlor Alkali 사업,주요 활동 분야,코팅,
Chlor Alkali 사업,주요 활동 분야,인프라,
올린,사업,Epoxy 부문,
Epoxy 부문,계절적 활동 수준,봄과 여름에 가장 높음,
Epoxy 부문,응용 분야,토목 공학,
Epoxy 부문,응용 분야,보호 코팅,
Epoxy 부문,응용 분야,복합재,
Epoxy 부문,응용 분야,바닥재,
Epoxy 부문,응용 분야,기타 건축 자재,
올린,사업,Epoxy 부문,
Epoxy 부문,영향 요인,가격 압박,
Epoxy 부문,결과,운영 실적 변동,
에폭시 재료,가격 영향 요인,에너지 비용 변동,
에폭시 재료,가격 영향 요인,프로필렌 비용 변동,
에폭시 재료,가격 영향 요인,벤젠 비용 변동,
에폭시 재료,가격 영향 요인,고객 수요,
에폭시 재료,가격 영향 요인,글로벌 공급 변동,
에폭시 재료,가격 영향 요인,글로벌 수요 변동,
올린,사업,Epoxy 부문,
에폭시 제품,가격 압박 증가 요인,무역 흐름 변화,
무역 흐름 변화,발생 지역,아시아 태평양 시장,
무역 흐름 변화,발생 지역,중국,
무역 흐름 변화,결과,공급 불균형,
무역 흐름 변화,결과,수요 불균형,
공급 불균형,영향,에폭시 제품 가격 압박 증가,
수요 불균형,영향,에폭시 제품 가격 압박 증가,
올린,사업,Epoxy 부문,
Epoxy 부문,영향 요안,평균 판매 가격 하락,
평균 판매 가격 하락,결과,중대한 부정적 영향,
중대한 부정적 영향,대상,당사 사업,
올린,사업,화학 부문,
화학 사업,운영,전략적 운영 모델,
전략적 운영 모델,우선 순위,ECU 마진,
전략적 운영 모델,우선 순위,판매량보다 ECU 마진 우선,
올린,모델 채택,2020년 말,
전략적 운영 모델,대상,Chlor Alkali Products and Vinyls 부문,
전략적 운영 모델,대상,Epoxy 부문,
전략적 운영 모델,특징,기존 운영 방식에서의 변화,
Chlor Alkali Products and Vinyls,운영 방식 변화,모델 채택,
Epoxy 부문,운영 방식 변화,모델 채택,
올린,목표,전체 ECU 가치 극대화,
올린,목표,리스크 최소화,
전략적 운영 모델,필요 조건,생산 속도 조절,
전략적 운영 모델,생산 속도 조절 기준,ECU의 약한 측면,
전략적 운영 모델,목적,ECU 가치 극대화 및 리스크 최소화,
올린,모델 채택,전략적 운영 모델,
전략적 운영 모델,실행 실패 결과,수익성 수준 미달성,
전략적 운영 모델,실행 실패 결과,사업에 부정적 영향,
전략적 운영 모델,목표,예측된 수익성 수준 도달,
에너지,증가,비용,
원료,증가,비용,
비용 증가,결과,고객에게 전가하지 못함,
비용 전가 실패,영향,수익성 부정적,
수익성 부정적 영향,대상,Chlor Alkali Products and Vinyls 부문,
수익성 부정적 영향,대상,Epoxy 부문,
올린,사업,Winchester 부문,
Winchester 사업,원자재,구리,
Winchester 사업,원자재,추진제,
Winchester 사업,원자재,납,
원자재 금속,변동 가능성,비용,
기타 재료,변동 가능성,비용,
구리,변동,비용,
추진제,변동,비용,
납,변동,비용,
원자재 금속 및 기타 재료,증가,비용,
비용 증가,결과,가격 인상으로 상쇄 실패,
가격 인상 상쇄 실패,영향,Winchester 사업 수익성 부정적,
Winchester 사업,영향,원자재 금속 및 기타 재료 비용 증가,
올린,준수,REACH 규정,
REACH 규정,요구사항,추가 시험,
REACH 규정,요구사항,문서화,
REACH 규정,요구사항,위험 평가,
REACH 규정,요구사항,등록,
REACH 규정 준수,영향,유럽 연합 제품 비용 증가,
유럽 연합 제품 비용 증가,영향,유럽 연합에서 생산 또는 수입된 제품,
유럽 연합,규정 검토,비스페놀(BPA) 사용,
BPA,역할,화학 제조의 중요한 구성 요소,
BPA,역할,에폭시 수지의 중요한 구성 요소,
에폭시수지,제조 지역,유럽 연합,
올린,지역,유럽 연합,
올린,제품,에폭시 수지,
올린,운송 대상,제품,
올린,운송 대상,원료,
제품 및 원료 운송,방식,파이프라인,
제품 및 원료 운송,규제 범위,광범위한 규제,
올린,시설,화학 제조 시설,
화학 제조 시설,관리 항목,보안,
화학 제조 시설 보안,적용,광범위한 규제,
올린,포함,Chlor Alkali Products and Vinyls 부문,
올린,포함,Epoxy 부문,
새로운 규제,영향,준수 비용 증가,
준수 비용 증가,결과,부정적 영향,
부정적 영향,대상,Chlor Alkali Products and Vinyls 부문,
부정적 영향,대상,Epoxy 부문,
올린,시설,사고 발생 가능성,
제품 운송,사고 발생 가능성,올린,
사고 발생,위치,올린 시설,
사고 발생,위치,운송 중,
사고 발생,결과,사업에 부정적 영향,
부정적 영향,대상,올린 사업,
부정적 영향,정도,향후 규제 요구사항에 따라 달라짐,
부정적 영향,정도,사건의 성격에 따라 달라짐,
향후 규제,영향 요인,부정적 영향의 정도,
사건의 성격,영향 요인,부정적 영향의 정도,
Epoxy 부문,2022년 수익,"3억 8,850만 달러",
Epoxy 부문,2023년 손실,"3,100만 달러",
Epoxy 부문,실적 변화,수익에서 손실로 전환,
Epoxy 부문,실적 변화,전년 대비 저조,
실적 저조 원인,감소,물량,
실적 저조 원인,하락,제품 가격,
Epoxy 부문,원인,물량 감소 및 가격 하락,
올린,사업,Epoxy 부문,
Epoxy 부문,실적 영향,아시아에서 유럽 시장 대규모 수출,
Epoxy 부문,실적 영향,아시아에서 북미 시장으로 대규모 수출,
대규모 수출,영향,가격에 부정적,
대규모 수출,영향,물량에 부정적,
Epoxy 부문,실적 영향,가격 하락,
Epoxy 부문,실적 영향,물량 감소,
올린,부정적 영향,아시아의 대규모 수출,
부정적 영향,대상,Epoxy 부문,
Epoxy 부문,부정적 영향 요인,물량 감소,
Epoxy 부문,부정적 영향 요인,가격 하락,
물량과 가격 하락,상쇄 요인,원자재 비용 감소,
물량과 가격 하락,상쇄 요인,운영 비용 감소,
올린,2023년 매출,"68억 3,300만 달러",
올린,2022년 매출,"93억 7,620만 달러",
올린,"금액 25억 4,320만 달러",매출감소,
올린,비율 27%,매출감소,
올린,사업,Epoxy 부문,
Epoxy 부문,"13억 6,130만 달러",매출 감소,
매출 감소,원인,물량 감소,
매출 감소,원인,가격 하락,
매출 감소,원인,큐멘 시설 폐쇄,
매출 감소,원인,비스페놀 생산 라인 폐쇄,
매출 감소,원인,제품 가격 하락,
올린,사업,Chlor Alkali Products and Vinyls 부문,
Chlor Alkali Products and Vinyls 부문,매출 감소,"10억 8,990만 달러",
매출 감소 원인,감소,물량 ,
매출 감소 상쇄 요인,판매,BWA 제품,
올린,사업,Winchester 부문,
Winchester 부문,매출 감소,"9,200만 달러",
매출 감소,원인,상업용 판매 물량 감소,
매출 감소,상쇄 요인,국내 군사 판매 증가,
매출 감소,상쇄 요인,해외 군사 판매 증가,
2023년 총 마진,감소,"금액 10억 1,640만 달러",
총 마진 감소,비교,2022년,
올린,사업,Chlor Alkali Products and Vinyls 부문,
Chlor Alkali Products and Vinyls,총 마진 감소,"4억 8,300만 달러",
총 마진 감소,원인,물량 감소,
올린,사업,Epoxy 부문,
Epoxy 부문,총 마진 감소,"4억 2,540만 달러",
총 마진 감소,원인,물량 감소,
총 마진 감소,원인,제품 가격 하락,
올린,사업,Winchester 부문,
Winchester 부문,총 마진 감소,"1억 1,250만 달러",
총 마진 감소,원인,상업용 물량 감소,
총 마진 비율,2022년,23%,
총 마진 비율,2023년,17%,
총 마진 비율,감소,2022년 23%에서 2023년 17%로,
올린,기간,2023년,
판매 및 관리비,2023년,항목,
판매 및 관리비,증가,"금액 1,280만 달러",
판매 및 관리비,증가율,3%,
판매 및 관리비,비교 대상,2022년,
올린,판매 및 관리비 증가 원인,BWA 관련 비용 증가,
BWA 관련 비용,증가,"2,390만 달러",
판매 및 관리비 증가 상쇄 요인,감소,법적 및 합의 비용,
법적 및 합의 비용,감소,금액 740만 달러,
판매 및 관리비 증가 상쇄 요인,영향,환율,
환율,영향,금액 550만 달러,
올린,항목,판매 및 관리비,
판매 및 관리비,2022년,4%,
판매 및 관리비,2023년,6%,
판매 및 관리비,증가,2022년 4%에서 2023년 6%로,
올린,항목,2023년 구조조정 비용,
구조조정 비용,2023년,"금액 8,960만 달러",
구조조정 비용,2022년,"금액 2,530만 달러",
구조조정 비용,증가,2022년 대비 2023년,
올린,비용 증가 원인,전략적 운영 모델 지원,
비용 증가,원인,글로벌 Epoxy 자산 재구성,
글로벌 Epoxy 자산 재구성,목표,생산적이고 비용 효율적인 자산 최적화,
글로벌 Epoxy 자산 재구성,결과,2023년 구조조정 비용 발생,
구조조정 비용,2023년,"금액 7,340만 달러",
올린,2023년,기타 운영 수익,
기타 운영 수익,포함,국내 민간 운송 차량 및 운영 매각 이익,
매각 이익,수익,"금액 2,700만 달러",
기타 운영 수익,포함,보험 회수,
보험 회수,2023년,"금액 1,560만 달러",
보험 회수,원인,2022년 2분기 사업 중단,
사업 중단,위치,루이지애나 주 플라크민,
사업 중단,대상,Chlor Alkali Products and Vinyls 시설,
올린,항목,2022년 기타 운영 수익,
2022년 기타 운영 수익,포함,이전 제조 시설 매각 이익,
제조 시설,매각,2개,
올린,항목,2023년 이자 비용,
2023년 이자 비용,증가원인,평균 금리 상승,
이자 비용,2022년 대비 증가,"금액 3,720만 달러",
이자 비용,증가,2022년 대비,
올린,항목,2023년 이자 비용,
올린,항목,2022년 이자 비용,
2023년 이자 비용,감소 요인,자본화된 이자 비용,
2022년 이자 비용,감소 요인,자본화된 이자 비용,
자본화된 이자 비용,2023년,280만 달러,
자본화된 이자 비용,2022년,310만 달러,
올린,2022년,"매출 93억 7,620만 달러",
올린,2021년,"매출 89억 1,060만 달러",
매출,증가,"금액 4억 6,560만 달러",
올린,5%,매출 증가,
올린,매출 증가,2021년 대비,
올린,포함,Chlor Alkali Products and Vinyls 부문,
Chlor Alkali Products and Vinyls 부문,매출 증가,"9억 4,420만 달러",
Chlor Alkali Products and Vinyls 부문,가격 상승,모든 제품,
모든 제품,가격 상승 제외,비닐 중간체,
매출 증가,감소,일부 물량,
올린,포함,Winchester 부문,
Winchester 부문,매출 증가,"1,690만 달러",
Winchester 부문,가격 상승,상업용 탄약,
매출 증가,요인,일부 물량 감소,
올린,포함,Epoxy 부문,
Epoxy 부문,매출 감소,"4억 9,550만 달러",
Epoxy 부문,매출 감소 원인,물량 감소,
매출 감소,요인,일부 제품 가격 상승,
올린,항목,2022년 총 마진,
올린 2022년 총 마진,비교 대상,2021년,
올린 총 마진,감소 금액,"1억 1,230만 달러",
올린,포함,Epoxy 부문,
Epoxy 부문,총 마진 감소,"2억 3,840만 달러",
Epoxy 부문,마진 감소 원인,물량 감소,
Epoxy 부문,마진 감소 원인,원자재 비용 상승,
Epoxy 부문,마진 감소 원인,운영 비용 상승,
올린,포함,Winchester 부문,
Winchester 부문,총 마진 감소,"3,620만 달러",
Winchester 부문,마진 감소 원인,물량 감소,
Winchester 부문,마진 감소 원인,원자재 비용 상승,
Winchester 부문,마진 감소 원인,운영 비용 상승,
올린,포함,Chlor Alkali Products and Vinyls 부문,
Chlor Alkali Products and Vinyls 부문,총 마진 증가,"1억 8,520만 달러",
Chlor Alkali Products and Vinyls 부문,마진 증가 원인,가격 상승,
올린,원자재 비용 증가,마진 증가,
올린,운영 비용 증가,마진 증가,
올린,물량 감소,마진 증가,
올린,포함,Chlor Alkali Products and Vinyls 부문,
Chlor Alkali Products and Vinyls 부문,총 마진 비율,2021년 26%,
Chlor Alkali Products and Vinyls 부문,총 마진 비율,2022년 23%,
올린,3% 감소,2022년 총 마진 비율,
올린,항목,2022년 판매 및 관리비,
2022년 판매 및 관리비,감소,"금액 2,300만 달러",
2022년 판매 및 관리비,감소율,6%,
2022년 판매 및 관리비,비교 대상,2021년,
올린,항목,판매 및 관리비 감소,
판매 및 관리비 감소,원인,변동 보상 비용,
변동 보상 비용,감소,"금액 3,540만 달",
변동 보상 비용 감소,포함,주식 기반 보상 비용의 시장 가치,
판매 및 관리비 감소,원인,법적 비용 증가,
법적 비용,증가,금액 710만 달러,
판매 및 관리비 감소,원인,법적 관련 합의 비용 증가,
법적 관련 합의 비용,증가,금액 710만 달러,
판매 및 관리비 감소,영향,환율,
환율,영향,금액 750만 달러,
올린,2021년 5%,판매 및 관리비 비율,
올린,항목,판매 및 관리비 비율,
올린,2022년 4%,판매 및 관리비 비율,
판매 및 관리비 비율,감소,2021년 5%에서 2022년 4%,
올린,"2022년 2,530만 달러",구조조정 비용,
올린,"2021년 2,790만 달러",구조조정 비용,
구조조정 비용,감소,"2021년 2,790만 달러에서 2022년 2,530만 달러",
올린,비용 감소 원인,생산성 이니셔티브,
생산성 이니셔티브,목표,새로운 운영 모델에 맞춘 조직 조정,
생산성 이니셔티브,목표,효율성 개선,
생산성 이니셔티브,2021년 2분기,완료 시기,
생산성 이니셔티브,"1,010만 달러",2021년 세전 구조조정 비용 ,
올린,폐쇄,비스페놀 생산 라인,
비스페놀 생산 라인,위치,독일 스타데 공장,
비스페놀 생산 라인 폐쇄,2022년 4분기,완료 시기,
올린,결과,세전 구조조정 비용 발생,
세전 구조조정 비용,발생,2022년,
세전 구조조정 비용,2022년,금액 800만 달러,
올린,2022년,기타 운영 수익,
기타 운영 수익,포함,이전 제조 시설 매각,
제조 시설,매각,2개,
제조 시설,매각,"이익 1,300만 달러",
올린,항목,2022년 이자 비용,
2022년 이자 비용,비교대상,2021년,
2022년 이자 비용,감소,금액 2억 410만 달러,
2021년 이자 비용,포함,채권 상환 프리미엄,
채권,상환,"금액 1억 3,770만 달러",
2021년 이자 비용,포함,이연 부채 발행 비용 상각,
2021년 이자 비용,포함,채권 발행 할인 상각,
2021년 이자 비용,포함,이연 공정 가치 이자율 스왑 손실 인식,
이연 공정 가치 이자율 스왑 손실,인식,"금액 1,450만 달러",
올린,항목,2022년 이자 비용,
2022년 이자 비용,감소 요인,자본화된 이자 비용,
자본화된 이자 비용,2022년,금액 310만 달러,
올린,항목,2021년 이자 비용,
2021년 이자 비용,감소 요인,자본화된 이자 비용,
자본화된 이자 비용,2021년,금액 320만 달러,
올린,항목,이자 비용,
이자 비용,감소 원인,낮은 부채 수준,
이자 비용,감소 원인,낮은 평균 금리,
이자 비용,감소,"금액 5,200만 달러",
올린,항목,비영업 연금 수익,
비영업 연금 수익,포함,모든 연금 및 기타 퇴직 후 수익 요소,
모든 연금 및 기타 퇴직 후 수익 요소,제외,서비스 비용,
올린,항목,2022년 실효 세율,
2022년 실효 세율,포함,법인 청산 관련 혜택,
2022년 실효 세율,포함,이전 연도 세금 포지션 관련 혜택,
2022년 실효 세율,포함,주식 기반 보상 관련 혜택,
2022년 실효 세율,포함,주 세율 감소에 따른 이연 세금 재평가 혜택,
2022년 실효 세율,포함,주 세금 크레딧 평가 충당금 순증액 관련 비용,
2022년 실효 세율,포함,세금 불확실성 변경 관련 평가 충당금 순증액 비용,
올린,항목,실효 세율,
실효 세율,결과,세금 혜택 발생,
세금,혜택,"금액 6,020만 달러",
올린,항목,실효 세율,
실효 세율,제외,세금 혜택,
2022년 실효 세율,24.40%,비율,
2022년 실효 세율,비교,미국 연방 법정 세율 21.0%,
2022년 실효 세율 증가,원인,주 세금,
2022년 실효 세율 증가,원인,외국 관할권의 손실에 대한 평가 충당금 증가,
2022년 실효 세율 증가,원인,외국 소득세,
2022년 실효 세율 증가,제외,외국 소득,
2022년 실효 세율 증가,공제,염화염 감소,
올린,항목,실효 세율,
2021년 실효 세율,포함,외국 관할권 이연 세금 자산 관련 평가 충당금 순 감소,
2021년 실효 세율,포함,국내 세액 공제,
2021년 실효 세율,포함,이전 연도 세금 포지션 관련 혜택,
2021년 실효 세율,포함,주식 기반 보상 관련 혜택,
2021년 실효 세율,포함,주 세율 증가 관련 비용,
2021년 실효 세율,포함,세금 불확실성 변경으로 인한 이연 세금 재평가 비용,
올린,항목,실효 세율,
실효 세율,결과,세금 혜택 발생,
세금,혜택,금액 1억 360만 달러,
올린,결과,2021년 실효 세율,
2021년 실효 세율,비율,23%,
2021년 실효 세율,비교 대상,미국 연방 법정 세율 21.0%,
2021년 실효 세율 증가,원인,외국 소득 포함,
2021년 실효 세율 증가,원인,외국 세율 차이,
2021년 실효 세율 증가,요인,외국 관할권 손실 사용,
2021년 실효 세율 증가,요인,영구 염화염 감소 공제,
올린,정의,부문 실적,
올린 부문 실적,포함,이자 비용,
올린 부문 실적,포함,이자 수익,
올린 부문 실적,포함,기타 영업 수익(비용),
올린 부문 실적,포함,비영업 연금 수익,
올린 부문 실적,포함,기타 수익,
올린 부문 실적,포함,법인세 차감 전 수익(손실),
올린,운영,Chlor Alkali Products and Vinyls 부문,
올린,운영,Epoxy 부문,
올린,운영,Winchester 부문,
올린,사용,Epoxy 부문,
Epoxy 부문,사용 원재료,염소와 가성 소다,
염소와 가성 소다,원가 사용,Chlor Alkali Products and Vinyls 부문,
Epoxy 부문,2023년 매출,"1,329.2백만 달러",
Epoxy 부문,2022년 매출,"2,690.5백만 달러",
Epoxy 부문,2021년 매출,"3,186.0백만 달러",
Epoxy 부문,2023년 세전 소득,(31.0)백만 달러,
Epoxy 부문,2022년 세전 소득,388.5백만 달러,
Epoxy 부문,2021년 세전 소득,616.5백만 달러,
올린,포함,Epoxy 부문,
Epoxy 부문,2023년 매출,"13억 2,920만 달러",
Epoxy 부문,2022년 매출,"26억 9,050만 달러",
Epoxy 부문,매출 감소,"13억 6,130만 달러",
올린 2023년 매출,감소,51%,
올린,매출 감소 원인,큐멘 시설 폐쇄,
큐멘 시설 폐쇄,매출 감소 영향,"6억 4,940만 달러",
올린,원인,비스페놀 생산 라인 폐쇄,
비스페놀 생산 라인 폐쇄,매출 감소 영향,"6억 4,940만 달러",
올린,매출 감소 원인,제품 가격 하락,
제품 가격 하락,매출 감소 영향,"4억 1,960만 달러",
올린,매출 감소 원인,물량 감소,
물량 감소,매출 감소 영향,"2억 9,190만 달러",
올린,매출 감소 원인,외환 환산 불리한 영향,
외환 환산 불리한 영향,매출 감소 영향,40만 달러,
올린,부문,Epoxy 부문,
Epoxy 부문,2023년 부문 손실,"3,100만 달러",
Epoxy 부문,2022년 부문 소득,"3억 8,850만 달러",
Epoxy 부문,부문 실적 감소,"4억 1,950만 달러",
올린,부문 실적 감소 원인,제품 가격 하락,
제품 가격 하락,영향 금액,"4억 1,960만 달러",
올린,부문 실적 감소 원인,물량 감소,
물량 감소,영향 금액,"1억 3,860만 달러",
부문 실적 감소,영향 요인,아시아에서 유럽 및 북미 시장으로의 대규모 수출,
올린,하락,제품 가격,
올린,감소,원재료 비용,
올린,감소,운영 비용,
원재료 및 운영 비용,상쇄,제품 가격 하락,
원재료 및 운영 비용,금액,"1억 3,870만 달러",
올린,포함,Epoxy 실적,
Epoxy 실적,포함,감가상각비,
Epoxy 실적,2023년,"금액 5,740만 달러",
Epoxy 실적,2022년,"금액 8,330만 달러",
올린,감소,Epoxy 매출,
Epoxy 매출,2022년,"금액 26억 9,050만 달러",
Epoxy 매출,2021년,"금액 31억 8,600만 달러",
Epoxy 매출,감소,"금액 4억 9,550만 달러",
Epoxy 매출,감소 비율,16%,
올린,매출 감소 원인,물량 감소,
물량 감소,금액,"9억 4,210만 달러",
올린,원인,외환 환산의 불리한 영향,
외환 환산,금액,"1억 4,410만 달러",
매출 감소,상쇄 요인,제품 가격 상승,
제품 가격 상승,금액,"5억 9,070만 달러",
올린,감소,Epoxy 부문 소득,
Epoxy 부문 소득,2022년,"3억 8,850만 달러",
Epoxy 부문 소득,2021년,"6억 1,650만 달러",
Epoxy 부문 소득,감소 금액,"2억 2,800만 달러",
올린,항목,Epoxy 운영 실적,
Epoxy 운영 실적,영향,겨울 폭풍 Uri,
겨울 폭풍 Uri,불리한 영향,"2,150만 달러",
겨울 폭풍 Uri,포함 항목,고정 제조 비용 미흡,
겨울 폭풍 Uri,포함 항목,폭풍 관련 유지비,
올린,항목,부문 실적 감소,
올린 부문 실적 감소,제외 요인,겨울 폭풍 Uri의 영향,
올린 부문 실적 감소,금액,"2억 4,950만 달러",
올린 부문 실적 감소,실적 감소 원인,물량 감소,
물량 감소,영향 금액,"4억 6,050만 달러",
올린 부문 실적 감소,실적 감소 원인,원자재 비용 증가,
원자재 비용 증가,주요 요인,벤젠과 프로필렌 가격 상승,
원자재 비용 증가,영향 금액,"2억 6,030만 달러",
올린 부문 실적 감소,실적 감소 원인,운영 비용 증가,
운영 비용 증가,주요 요인,천연가스와 전력 비용 증가,
운영 비용 증가,영향 금액,1억 650만 달러,
올린 부문 실적 감소,실적 감소 원인,순 외환 환산의 불리한 영향,
순 외환 환산의 불리한 영향,영향 금액,"1,290만 달러",
올린,감소,부문 실적,
올린 부문 실적 감소,상쇄 요인,제품 가격 상승,
올린 제품 가격 상승,상쇄 금액,"5억 9,070만 달러",
올린,포함,Epoxy 부문 실적,
Epoxy 부문 실적,포함,감가상각비,
감가상각비,2022년,"금액 8,330만 달러",
감가상각비,2021년,"금액 8,610만 달러",
올린,발표,2023-06-20,
올린,중단,대한민국 구미 시설의 모든 잔여 운영,
올린,축소,미국 텍사스주 프리포트 시설의 에폭시 수지 생산 능력,
올린,감축,아시아 전역의 영업 및 지원 인력,
올린,중단,한국 구미 시설,
구미 시설,중단,2023-12-31,
구미 시설,중단,상태,
올린,발표,2023-03-21,
올린,중단,네덜란드 테르네우젠의 큐멘 시설 운영,
올린,중단,대한민국 구미의 고체 에폭시 수지 생산,
올린,중단,브라질 과루자의 고체 에폭시 수지 생산,
올린,완료,폐쇄 작업,
폐쇄 작업,완료 시점,2023년 1분기,
올린,실행,폐쇄 계획,
폐쇄 계획,위치,독일 스타데,
폐쇄 계획,대상,비스페놀 생산 라인 중 하나,
폐쇄 계획,완료 시점,2022년 4분기,
올린,기록,세전 구조조정 비용,
세전 구조조정 비용,2023년,"7,340만 달러",
세전 구조조정 비용,2022년,800만 달러,
세전 구조조정 비용,포함,장비 및 시설 비용,
세전 구조조정 비용,포함,직원 퇴직금 및 관련 복리후생 비용,
세전 구조조정 비용,포함,계약 종료 비용,
세전 구조조정 비용,포함,시설 퇴거 비용,
올린,예상,추가 구조조정 비용 발생,
추가 구조조정 비용,금액,"약 2,500만 달러",
추가 구조조정 비용,발생 시점,2025년까지,
올린,발생,기타 구조조정 계획 비용,
기타 구조조정 계획 비용,2023년,"1,620만 달러",
기타 구조조정 계획 비용,2022년,"1,730만 달러",
기타 구조조정 계획,상태,이전 공시,
올린,예상,추가 구조조정 비용 발생,
추가 구조조정 비용,금액,"약 4,500만 달러",
추가 구조조정 비용,발생 시점,2027년까지,
올린,비용 항목,Epoxy 최적화 계획,
Epoxy 최적화,계획,"1,830만 달러",
올린,항목,장비 및 시설 손실,
장비 및 시설,손실,"1,580만 달러",
올린,항목,직원 퇴직금 및 관련 복리후생 비용,
올린,항목,시설 퇴거 비용,
시설 퇴거 비용,금액,"1,820만 달러",
올린,항목,임대 및 기타 계약 종료 비용,
임대 및 기타 계약 종료 비용,금액,"2,910만 달러",
올린,발생,구조조정 관련 현금 지출,
구조조정,금액 2억 70만 달,현금 지출,
올린,발생,구조조정 관련 비현금 비용,
구조조정,"1억 5,800만 달러",관련 비현금 비용,
올린,"2,750만 달러",남은 금액,
남은 금액,지출 예정 시점,2028년까지,
남은 금액,지출 예정,구조조정 관련,
올린,항목,Epoxy 영업권 장부 가치,
Epoxy 영업권 장부 가치,2022년 1월 1일 잔액,"1억 4,500만 달러",
Epoxy 영업권 장부 가치,외환 환산 조정,10만 달러,
Epoxy 영업권 장부 가치,2022년 12월 31일 잔액,"1억 4,510만 달러",
Chlor Alkali Products and Vinyls 부문,누적 영업권 손실,"5억 5,760만 달러",
Epoxy 부문,누적 영업권 손실,"1억 4,220만 달러",
올린,항목,Epoxy 감가상각비,
Epoxy 감가상각비,2023년,"5,740만 달러",
Epoxy 감가상각비,2022년,"8,330만 달러",
Epoxy 감가상각비,2021년,"8,610만 달러",
올린,항목,Epoxy 자본 지출,
Epoxy 자본 지출,2023년,"1,520만 달러",
Epoxy 자본 지출,2022년,"2,720만 달러",
Epoxy 자본 지출,2021년,"3,100만 달러",
올린,항목,Epoxy 부문별 자산,
Epoxy 부문별 자산,2023년,"9억 7,930만 달러",
Epoxy 부문별 자산,2022년,12억 190만 달러,
올린,Epoxy 매출,미국,
Epoxy 매출,2023년 미국,"5억 6,280만 달러",
Epoxy 매출,2022년 미국,"8억 5,510만 달러",
Epoxy 매출,2021년 미국,"9억 2,670만 달러",
올린,Epoxy 매출,유럽,
Epoxy 매출,2023년 유럽,"3억 3,850만 달러",
Epoxy 매출,2022년 유럽,"11억 8,180만 달러",
Epoxy 매출,2021년 유럽,"14억 5,790만 달러",
올린,Epoxy 매출,기타 해외,
Epoxy 매출,2023년 기타 해외,"4억 2,790만 달러",
Epoxy 매출,2022년 기타 해외,"6억 5,360만 달러",
Epoxy 매출,2021년 기타 해외,8억 140만 달러,
올린,Epoxy 매출,방향족 화합물 및 알릴류,
Epoxy 매출,2023년 방향족 화합물 및 알릴류,"5억 2,510만 달러",
Epoxy 매출,2022년 방향족 화합물 및 알릴류,"13억 3,860만 달러",
Epoxy 매출,2021년 방향족 화합물 및 알릴류,"14억 5,050만 달러",
올린,Epoxy 매출,에폭시 수지,
Epoxy 매출,2023년 에폭시 수지,8억 410만 달러,
Epoxy 매출,2022년 에폭시 수지,"13억 5,190만 달러",
Epoxy 매출,2021년 에폭시 수지,"17억 3,550만 달러",
올린,Epoxy 매출,총계,
Epoxy 매출(총계),2023년 총계,"13억 2,920만 달러",
Epoxy 매출(총계),2022년 총계,"26억 9,050만 달러",
Epoxy 매출(총계),2021년 총계,"31억 8,600만 달러",
올린,Epoxy 영업권 장부 가치,2022년 1월 1일 잔액,
Epoxy 영업권 장부 가치,"금액 1억 4,500만 달",2022년 1월 1일 잔액,
올린,Epoxy 영업권 장부 가치,외환 환산 조정,
Epoxy 영업권 장부 가치,금액 10만 달러,외환 환산 조정,
올린,2022년 12월 31일 잔액,Epoxy 영업권 장부 가치,
Epoxy 영업권 장부 가치,"금액 1억 4,510만 달러",2022년 12월 31일 잔액,
Chlor Alkali Products and Vinyls 부문,포함,누적 영업권 손실,
누적 영업권 손실,"금액 5억 5,760만 달러",Chlor Alkali Products and Vinyls 부문,
Epoxy 부문,포함,누적 영업권 손실,
누적 영업권 손실,"금액 1억 4,220만 달러",Epoxy 부문,
올린,2023년,Epoxy 감가상각비,
Epoxy 감가상각비,2023년,"5,740만 달러",
올린,2022년,Epoxy 감가상각비,
Epoxy 감가상각비,2022년,"8,330만 달러",
올린,2021년,Epoxy 감가상각비,
Epoxy 감가상각비,2021년,"8,610만 달러",
올린,2023년,Epoxy 자본 지출,
Epoxy 자본 지출,2023년,"1,520만 달러",
올린,2022년,Epoxy 자본 지출,
Epoxy 자본 지출,2022년,"2,720만 달러",
올린,2021년,Epoxy 자본 지출,
Epoxy 자본 지출,2021년,"3,100만 달러",
올린,2023년,Epoxy 부문별 자산,
Epoxy 부문별 자산,2023년,"9억 7,930만 달러",
올린,2022년,Epoxy 부문별 자산,
Epoxy 부문별 자산,2022년,12억 190만 달러,
올린,Epoxy 지역별 매출,2023년 미국,
Epoxy 지역별 매출,2023년 미국,"5억 6,280만 달러",
올린,Epoxy 지역별 매출,2022년 미국,
Epoxy 지역별 매출,2022년 미국,"8억 5,510만 달러",
올린,Epoxy 지역별 매출,2021년 미국,
Epoxy 지역별 매출,2021년 미국,"9억 2,670만 달러",
올린,Epoxy 지역별 매출,2023년 유럽,
Epoxy 지역별 매출,2023년 유럽,"금액 3억 3,850만 달러",
올린,Epoxy 지역별 매출,2022년 유럽,
Epoxy 지역별 매출,2022년 유럽,"금액 11억 8,180만 달러",
올린,Epoxy 지역별 매출,2021년 유럽,
Epoxy 지역별 매출,2021년 유럽,"금액 14억 5,790만 달러",
올린,Epoxy 지역별 매출,2023년 기타 해외,
Epoxy 지역별 매출,2023년 기타 해외,"금액 4억 2,790만 달러",
올린,Epoxy 지역별 매출,2022년 기타 해외,
Epoxy 지역별 매출,2022년 기타 해외,"금액 6억 5,360만 달러",
올린,Epoxy 지역별 매출,2021년 기타 해외,
Epoxy 지역별 매출,2021년 기타 해외,금액 8억 140만 달러,
올린,Epoxy 제품 라인별 매출,2023년 방향족 화합물 및 알릴류,
Epoxy 제품 라인별 매출,2023년 방향족 화합물 및 알릴류,"금액 5억 2,510만 달러",
올린,Epoxy 제품 라인별 매출,2022년 방향족 화합물 및 알릴류,
Epoxy 제품 라인별 매출,2022년 방향족 화합물 및 알릴류,"금액 13억 3,860만 달러",
올린,Epoxy 제품 라인별 매출,2021년 방향족 화합물 및 알릴류,
Epoxy 제품 라인별 매출,2021년 방향족 화합물 및 알릴류,"금액 14억 5,050만 달러",
올린,Epoxy 제품 라인별 매출,2023년 에폭시수지,
Epoxy 제품 라인별 매출,2023년 에폭시수지,금액 8억 410만 달러,
올린,Epoxy 제품 라인별 매출,2022년 에폭시수지,
Epoxy 제품 라인별 매출,2022년 에폭시수지,"금액 13억 5,190만 달러",
올린,Epoxy 제품 라인별 매출,2022년 에폭시수지,
Epoxy 제품 라인별 매출,2021년 에폭시수지,"금액 17억 3,550만 달러",
올린,2023년,Epoxy 총 매출,
Epoxy 총 매출,2023년,"금액 13억 2,920만 달러",
올린,2022년,Epoxy 총 매출,
Epoxy 총 매출,2022년,"금액 26억 9,050만 달러",
올린,2021년,Epoxy 총 매출,
Epoxy 총 매출,2021년,"금액 31억 8,600만 달러",
국도화학 에폭시수지 글로벌 수요처 비중,9%,풍력터빈,
국도화학 에폭시수지 글로벌 수요처 비중,5%,접착제,
2023년 국도화학 최대 주주,지분 24.8% 소유,국도코퍼레이션㈜,
국도화학 특수관계인 지분율,1.70%,국도화학 회장 이시창,
국도화학 특수관계인 지분율,2.80%,임원 이삼열,
국도화학 특수관계인 지분율,4.50%,총합,
국도화학 사업 파트너,지분 17.7% 소유,닛테츠케미컬 앤 머티리얼㈜,
국도코퍼레이션㈜,영위 사업,화공약품 도매업,
국도코퍼레이션㈜,법인 상태,비상장 국내 법인,
국도코퍼레이션㈜,지분율 16.4%,이삼열,
국도코퍼레이션㈜,지분율 75.9%,이시창,
국도화학 최대주주 및 특수관계인 지분율,지분율 29.3%,총합,
2023년 글로벌 에폭시수지 수요,추정치,350만 톤,
글로벌 에폭시수지 수요 성장세,3% ~ 4%,연평균,
글로벌 에폭시수지 수요 성장세,예상 시점,2025년까지,
2020년 주요 지역별 시장 비중,54%,중국,
2020년 주요 지역별 시장 비중,12%,유럽,
2020년 주요 지역별 시장 비중,11%,미국,
2020년 주요 지역별 시장 비중,6%,한국,
2020년 주요 지역별 시장 비중,4%,인도,
수요 성장 속도가 가장 높은 시장,해당,중국,
수요 성장 속도가 가장 높은 시장,해당,인도,
2023년 주요 에폭시수지 생산업체 점유율,18%,국도화학,
2023년 주요 에폭시수지 생산업체 점유율,12%,올린,
2023년 주요 에폭시수지 생산업체 점유율,12%,Bluecube,
2023년 주요 에폭시수지 생산업체 점유율,8%,Nanya,
2023년 주요 에폭시수지 생산업체 점유율,6%,hexion,
2023년 주요 에폭시수지 생산업체 점유율,5%,금호 P&B,
2023년 주요 에폭시수지 생산업체 점유율,4%,hustman,
에폭시수지 시장, 총합 65%,2023년 주요 에폭시수지 생산업체 점유율,
에폭시수지,과점,시장,
중국 로컬업체들,급증,생산능력,
글로벌 에폭시수지 총 생산능력,초과,500만톤,
글로벌 에폭시수지 시장,초과,공급,
2021년 ~ 2022년 상반기,급등,에폭시수지 가격,
2021년 ~ 2022년 상반기,급등,EC 가격,
2021년 ~ 2022년 상반기,급등,BPA 가격,
에폭시 수지 원재료 ECH 가격,급등 원인,코로나 이후 자동차 경기 회복,
에폭시 수지 원재료 ECH 가격,급등 원인,코로나 이후 조선 경기 회복,
에폭시 수지 원재료 ECH 가격,급등 원인,코로나 이후 건설 경기 회복,
에폭시 수지 원재료 BPA 가격,급등 원인,코로나 이후 자동차경기 회복,
에폭시 수지 원재료 BPA 가격,급등 원인,코로나 이후 조선 경기 회복,
에폭시 수지 원재료 BPA 가격,급등 원인,코로나 이후 건설 경기 회복,
미국 한파,가동 어려움,화학공장 ,
러시아와 우크라이나 전쟁,가동 어려움,미국 화학공장,
러시아와 우크라이나 전쟁,가동 어려움,유럽 화학공장,
미국 화학공장,문제 발생,석유화학제품 공급부족,
유럽 화학공장,문제 발생,석유화학제품 공급부족,
2022년 하반기 이후,영향,고금리,
고금리,결과,글로벌 자동차 경기 둔화,
고금리,결과,글로벌 건설 경기 둔화,
2022년 하반기 이후,부진,중국 경기,
2022년 하반기 이후,공급과잉 확대,중국 석유화학 산업,
ECH 가격,하락,큰 폭으로,
BPA 가격,하락,큰 폭으로,
ECH 가격,하락 수준,2020년 코로나 만연 시기,
BPA 가격,하락 수준,2020년 코로나 만연 시기,
에폭시 스프레드,2021년 ~ 2022년 상반기,"1,200달러/톤 이상",
에폭시 스프레드,2021년 ~ 2022년 상반기,"1,500달러/톤 이하",
에폭시 스프레드,2023년 4분기,600달러/톤,
에폭시 스프레드,하락,변화,
에폭시 스프레드,2020년 평균,627달러/톤,
에폭시 스프레드,2023년 4분기,627달러/톤보다 낮은 수준,
한계기업,기록,큰 적자,
한계기업,생산 중단,가능성,
2024년,제한적,에폭시 스프레드 추가 하락 가능성,
글로벌 에폭시 수요,54%,중국 비중,
중국,부진,건설 경기,
중국,부진,산업 경기,
중국 석유화학 산업,공급과잉 지속,상황,
에폭시 수요,제한적,회복 가능성,
에폭시 스프레드,하향 안정화 가능성,현재 수준,
에폭시 스프레드,하향 안정화될 가능성 높음,향후 전망,
중국 건설 경기,유추,고정자산 투자,
중국 건설 경기,유추,PPI,
중국 산업 경기,유추,고정자산 투자,
중국 산업 경기,유추,PPI,
중국 고정자산 투자 증가율,2023년,3%,
중국 고정자산 투자 증가율,2022년,5%,
중국 고정자산 투자 증가율,2021년,5%,
중국 고정자산 투자 증가율,하락,큰 폭으로,
고정자산 투자 구성 항목,5.9%,SOC 투자 증가율,
고정자산 투자 구성 항목,6.5%,제조업 투자 증가율,
SOC 투자 증가율,양호,상태,
제조업 투자 증가율,양호,상태,
부동산 개발 투자 증가율,2023년,-9.6%,
부동산 개발 투자 증가율,2022년,-10%,
부동산 개발 투자,부진 지속,상태,
PPI,2023년,-3%,
중국 정부,2024년,인프라 재건사업 추진,
중국,확대,민간투자,
중국,2024년,첨단기술 부문 중심,
SOC 투자,확대될 것으로 기대,2024년,
제조업(IT 포함) 투자,확대될 것으로 기대,2024년,
부동산 개발 투자부문,부진 지속 예상,2024년,
중국,4.4%,2024년 고정자산 투자 증가율,
부동산,-4.7%,2024년 고정자산 투자 증가율,
인프라,6.7%,2024년 고정자산 투자 증가율,
제조업,6.1%,2024년 고정자산 투자 증가율,
2024년 PPl,-0.1%,예상치,
2024년 PPI,기대,2023년 대비 소폭 개선,
국도화학 첫번째 투자포인트,2024년,에폭시 스프레드 하향 안정화,
국도화학 첫번째 투자포인트,확대 기대,고부가가치 제품 매출 비중,
국도화학 첫번째 투자포인트,결과,실적 개선 성공 기대,
국도화학 영업이익,2021년,"2,047억원",
국도화학 영업이익 증가 요인,큰 폭 확대,에폭시 스프레드,
국도화학 영업이익 증가율,2021년,+344.8% YoY,
국도화학 실적,2022년,국도화학 실적 부진,
국도화학 실적,2023년,국도화학 실적 부진,
국도화학 실적 부진 원인,축소 지속,에폭시 스프레드,
국도화학,2023년 3분기,영업적자 기록,
국도화학 영업적자,2023년 3분기,22억원,
에폭시 가격 스프레드,2023년 4분기,소폭 개선,
EC 가격 스프레드,2023년 4분기,소폭 개선,
BPA 가격 스프레드,2023년 4분기,소폭 개선,
국도화학 영업적자,2023년 4분기,8억원,
국도화학 영업적자 감소 원인,소폭 개선,에폭시 가격 스프레드,
국도화학 영업적자 감소 원인,소폭 개선,EC 가격 스프레드,
국도화학 영업적자 감소 원인,소폭 개선,BPA 가격 스프레드,
고부가가치 제품,용도,복합소재용 에폭시수지,
고부가가치 제품,용도,스페셜티용 에폭시수지,
복합소재용 에폭시수지,적용 분야,풍력 블레이드,
고부가가치 제품,종류,복합소재용 에폭시수지,
고부가가치 제품,종류,스페셜티용 에폭시수지,
복합소재용 및 스페셜티용 에폭시수지,마진,범용 에폭시수지 대비 5~10% 높음,
복합소재용 에폭시수지,적용 분야,풍력 블레이드,
2023년 국도화학 국내 본사 기준,2023년 17%,고부가가치 에폭시수지 매출 비중,
2023년 국도화학 국내 본사 기준,2023년 9%,복합소재용 에폭시수지 매출 비중,
2023년 국도화학 국내 본사 기준,2023년 8%,스페셜티 에폭시수지 매출 비중,
국도화학,2024년 30%,2024년 고부가가치 에폭시수지 매출 비중 목표,
국도화학,2024년15%,2024년 복합소재용 에폭시수지 매출 비중 목표,
국도화학,2024년 15%,2024년 스페셜티 에폭시수지 매출 비중 목표,
복합소재용 에폭시수지,구성 비중,대부분 풍력 블레이드용,
복합소재용 에폭시수지,용도,풍력 블레이드,
풍력 블레이드,구성 요소,유리섬유,
풍력 블레이드,구성 요소,탄소섬유,
풍력 블레이드,구성 요소,에폭시수지,
풍력 블레이드 에폭시수지,구성 비율,약 25%,
에폭시,적합,높은 강도,
에폭시,적합,성형성,
에폭시,적합,접착성,
풍력 블레이드,적합,높은 강도를 가진 에폭시,
풍력 블레이드,적합,성형성을 가진 에폭시,
풍력 블레이드,적합,접착성을 가진 에폭시,
국도화학,에폭시 공급 대상,Vestas,
국도화학,에폭시 공급 대상,Siemens,
국도화학,에폭시 공급 대상,TPI,
국도화학,계획,글로벌 풍력시장 확대와 함께 영업 확대,
국도화학,목표,관련 영업 집중적 확대,
항공기,주요 소재,유리섬유,
항공기,주요 소재,탄소섬유,
항공기,주요 소재,에폭시수지,
수소탱크,주요 소재,유리섬유,
수소탱크,주요 소재,탄소섬유,
국도화학 복합소재용 에폭시 매출 확대 계획,긍정적 요소,항공기에서 에폭시수지 사용,
국도화학 복합소재용 에폭시 매출 확대 계획,긍정적 요소,수소탱크에서 에폭시수지 사용,
수소탱크,주요 소재,에폭시수지,
스페셜티 에폭시수지,구성 항목,비 비스페놀A(BPA) 계열 에폭시수지,
스페셜티 에폭시수지,구성 항목,전자제품의 PCB용 에폭시수지,
스페셜티 에폭시수지,구성 항목,반도체용 에폭시수지,
에폭시수지 주요 원재료,비스페놀A,비스페놀A,
비스페놀A,특성,내분비계 장애물질,
비스페놀A,문제,안전성 이슈 존재,
식품용기,규제 확대,비스페놀A 사용,
영유아용 제품,규제 확대,비스페놀A 사용,
국도화학,매출 확대 계획,비스페놀F(BPF) 계열 에폭시수지,
국도화학,매출 확대 계획,노블락(Novolac) 계열 에폭시수지,
국도화학,매출 확대 계획,비 비스페놀A 계열 에폭시수지,
국도화학,매출 확대 계획,PCB용 에폭시수지,
국도화학,매출 확대 계획,반도체용 에폭시수지,
국도화학,매출 확대 계획,스페셜티 에폭시수지,
국도화학,2023년 7%,비스페놀F 및 노블락 계열 에폭시 매출 비중,
국도화학,2023년 3%,비스페놀F 계열 에폭시 매출 비중,
국도화학,2023년 4%,노블락 계열 에폭시 매출 비중,
국도화학 두번째 투자포인트,2024년 이후,국내 에폭시수지 생산법인 증설,
국도화학 두번째 투자포인트,2024년 이후,인도 에폭시수지 생산법인 증설,
국도화학 두번째 투자포인트,2024년 이후,점진적인 가동률 상승 기대,
국도화학,2025년 인도 생산법인,에폭시 베이스레진 내재화 설비 증설 예정,
국도화학,2025년 인도 생산법인 증설,매출 증대 기대,
국도화학,2025년 인도 생산법인 증설,수익성 개선 기대,
국도화학,2023년 4분기,국내 법인 10만톤 증설 단행,
국도화학,2025년,인도에서 6만톤 증설 계획,
국도화학 총 생산능력,2022년,82.2만톤,
국도화학 총 생산능력,2024년,92.2만톤,
국도화학 총 생산능력,2025년,98.2만톤,
국도화학 총 생산능력,전망,증가,
2025년 국도화학 지역별 생산능력,67.8만톤,국내,
2025년 국도화학 지역별 생산능력,20.5만톤,중국,
2025년 국도화학 지역별 생산능력,10.0만톤,인도,
국도화학 에폭시수지 부문 가동률,2022년,46.70%,
국도화학 에폭시수지 부문 가동률,2023년,54.80%,
국도화학 에폭시수지 부문 가동률,상승,변화,
국도화학 에폭시수지 부문 가동률,2024년,55.60%,
국도화학 에폭시수지 부문 가동률,2025년,56.70%,
국도화학 에폭시수지 부문 가동률,전망,점진적 개선,
국도화학 에폭시수지 부문 가동률,어려움,75% 수준 상회 ,
국도화학,에폭시 베이스레진 생산,고객별 커스터마이징 에폭시수지 생산 필요 조건,
국도화학,추가 공정 필요,고객별 커스터마이징 에폭시수지 생산 필요 조건,
국도화학,동일 설비 사용,고객별 커스터마이징 에폭시수지 생산 필요 조건,
국도화학,에폭시 베이스레진 생산,고부가가치 에폭시수지 생산 필요 조건,
국도화학,추가 공정 필요,고부가가치 에폭시수지 생산 필요 조건,
국도화학,동일 설비 사용,고부가가치 에폭시수지 생산 필요 조건,
국도화학 한국·중국 공장 총 가동률,2015 ~ 2017년,72.0%,
국도화학 한국·중국 공장 총 가동률,2019년,61.3%,
국도화학 한국·중국 공장 총 가동률,2020년,60.4%,
국도화학 한국·중국 공장 총 가동률,2021년,49.4%,
국도화학 한국·중국 공장 총 가동률,2022년,46.7%,
국도화학 한국·중국 공장 총 가동률,경향,지속적 하락,
중국 쿤샨 법인 소재,2019년,장쑤성 산업단지 화재 발생,
장쑤성 시정부,2019년,석유화학 제품 생산 제한,
국도화학 쿤샨 공장,2020년,화재 발생,
국도화학 중국 법인 가동률,하락,큰 폭,
중국 법인 가동률 하락,원인,장쑤성 산업단지 화재,
중국 법인 가동률 하락,원인,석유화학 제품 생산 제한,
중국 법인 가동률 하락,원인,쿤샨 공장 화재,
중국 쿤산 공장,2021년 9월,가동 재개 시점,
중국 쿤산 공장,중국 내 경쟁 심화,가동률 회복 지연 원인,
중국 쿤산 공장,2023년부터 시작,가동률 회복 시점,
국도화학 인도 에폭시수지 공장,설비 규모,4.0만톤,
국도화학 인도 에폭시수지 공장,생산 제품,일부 기능성 제품,
국도화학 인도 에폭시수지 공장,생산 제품,커스터마이징 제품,
국도화학 인도 에폭시수지 공장,구매,베이스 레진,
국도화학 인도 에폭시수지 공장,문제,가격경쟁력 부족,
국도화학 인도 에폭시수지 공장,결과,낮은 가동률,
국도화학 인도 에폭시수지 공장,결과,영업적자 기록 추정,
국도화학,규모,6.0만톤,
국도화학,기능,베이스레진 생산,
국도화학,기대,원재료 내재화를 통한 가격경쟁력 확보,
국도화학,기대,가동률 상승,
국도화학,기대,수익성 개선,
국도화학 매출액,2023년,1.31조원,
국도화학 매출액,2023년,18.10%,
국도화학 영업이익,2023년,203억원,
국도화학 영업이익,2023년,79.10%,
국도화학 영업이익률,2023년,1.50%,
국도화학 영업이익률,4.6%p,전년 대비 하락폭,
국도화학 에폭시수지 사업,영업이익 감소 원인,에폭시 스프레드 축소,
국도화학 에폭시수지 사업,결과,영업이익 대폭 감소,
국도화학 폴리올수지 사업,부진 원인,시황 부진,
국도화학 폴리올수지 사업,부진 원인,낮은 가동률로 인한 고정비 부담,
국도화학 폴리올수지 사업,결과,영업적자 지속,
국도화학 폴리올수지 사업,결과,부진한 실적 기록,
국도화학 에폭시수지 사업 영업이익,2023년 3분기 누계,360억원,
국도화학 에폭시수지 사업 영업이익 감소율,2023년 3분기 누계,-64.10%,
국도화학 폴리올수지 사업 영업손실,2023년 3분기 누계,-94억원,
국도화학 폴리올수지 사업 영업손실 증가,2023년 3분기 누계,8억원,
국도화학 매출액,2024년,1.29조원,
국도화학 매출액,2024년,전년 대비 감소율 1.5%,
국도화학 영업이익,2024년,269억원,
국도화학 영업이익,2024년,전년 대비 증가율 32.5%,
국도화학 매출액 감소 전망 이유,에폭시수지 판매량 증가,10.00%,
국도화학 에폭시수지 판매량,증가 원인,국내 본사 증설물량 온기반영,
국도화학 에폭시수지 판매량,증가 원인,중국 법인 가동률 상승,
국도화학 매출액 감소 전망 이유,8.00%,연간 에폭시수지 가격 하락,
국도화학 매출액 감소 전망 이유,3.00%,원/달러 환율 하락,
국도화학 수익성 개선 기대 요인,하향 안정화,에폭시 스프레드,
국도화학 수익성 개선 기대 요인,증가,고부가가치 제품 매출비중,
국도화학,전망,수익성 개선 기대,
국도화학 영업이익률,2023년,2.10%,
국도화학 영업이익률,2023년 0.6%,전년 대비 향상폭,
국도화학 추정 실적 기준,2024년,국도화학 PBR 0.4배,
국도화학,0.5배,2018 ~ 2023년 평균 PBR,
2024년 추정 PBR,20.0%,2018 ~ 2023년 평균 대비 할인율,
국도화학 실적,일시적 급증 제외,2021년,
국도화학,1.90%,2024년 예상 ROE,
국도화학,6.40%,2018 ~ 2023년 평균 ROE,
2024년 예상 ROE,낮은 수준,동 기간 평균 대비,
국도화학 밸류에이션 회복 필요 조건,확대,고부가가치 에폭시수지 매출비중,
국도화학 밸류에이션 회복 필요 조건,확대,에폭시 스프레드,
국도화학 밸류에이션 회복 목표,개선,실적,
국도화학 밸류에이션 회복 목표,향상,ROE,
국도화학 리스크 요인 점검 필요 사항,상승,중국법인 폴리올 사업부문 가동률,
국도화학 리스크 요인 점검 필요 사항,흑자전환,중국법인 폴리올 사업부문,
국도화학 리스크 요인 점검 목표,향상,자산 운영 효율성,
국내 중소 화학업종 Peer,0.7배,2024년 예상 실적 기준 평균 PBR,
국내 중소 화학업종 Peer,8.50%,2024년 예상 실적 기준 평균 ROE,
국도화학 2024년 추정 실적 기준,0.4배,PBR,
국도화학 2024년 추정 실적 기준,1.90%,ROE,
국도화학 밸류에이션 비교,저평가 여부 불확실,Peer 평균 대비,
국도화학 향후 필요 사항,전망치 이상의 개선,에폭시수지 업황,
국도화학 향후 필요 사항,고부가가치 에폭시수지 매출비중 확대,고부가가치 에폭시수지 매출비중 확대),
국도화학 향후 필요 사항,필요,어닝서프라이즈,
국도화학,영위,에폭시수지 사업,
국도화학,영위,중국 닝보 지역 폴리올 사업,
폴리올,용도,폴리우레탄 원재료,
폴리우레탄,용도,건설 단열재,
폴리우레탄,용도,LNG 선박 단열재,
폴리우레탄,용도,냉장고 단열재,
폴리우레탄,용도,자동차 시트,
폴리우레탄,용도,자동차 내장재,
폴리우레탄,용도,소파 및 침구류,
폴리우레탄,용도,도료 원료,
국도화학 폴리올 사업 매출액,2023년 3분기 누계,585억원,
국도화학 폴리올 사업 매출액 증가율,2023년 3분기 누계,+36% YoY,
국도화학 폴리올 사업 영업이익,2023년 3분기 누계,-94억원,
국도화학 폴리올 사업 영업이익 감소폭,2023년 3분기 누계,-8억원 YoY,
국도화학 폴리올 사업,2019년부터,영업손실 지속 시점,
국도화학 폴리올 사업 매출액,2023년 3분기 누계,585억원,
국도화학 폴리올 사업 매출액 증가율,2023년 3분기 누계,+36% YoY,
국도화학 폴리올 사업 영업이익,2023년 3분기 누계,-94억원,
국도화학 폴리올 사업 영업이익 감소폭,2023년 3분기 누계,-8억원 YoY,
국도화학 폴리올 사업,2019년부터,영업손실 지속 시점,
국도화학,확대,영업,
국도화학,회복,가동률,
중국,부진,산업 경기,
중국,부진,건설 경기,
석유화학 제품,지속,공급과잉,
국도화학 가동률,시간 필요,회복,
국도화학 스프레드,시간 필요,회복,
국도화학,예상보다 더딤,가동률 회복 속도,
에폭시 사업부문,전체 영업실적 개선 지연 가능성,수익성 개선,
전체 영업실적 개선,향후 추이 지켜보기,필요 조건,
국도화학,12만톤,폴리올 생산능력,
국도화학 가동률,2018년,72.00%,
국도화학 가동률,2019년 이후,큰 폭으로 하락,
국도화학 가동률,2021년,3.00%,
국도화학 가동률,2022년,21.00%,
국도화학 가동률,2023년 3분기,31.00%,
국도화학 가동률,여전히 저조,상태,
국도화학 가동률,2019 ~ 2021년,크게 하락,
국도화학 가동률 하락 원인,2019 ~ 2021년,기간,
장쑤성 산업단지,2019년,화재 발생,
장쑤성 산업단지,위치,쿤샨 포함,
국도화학,위치,장쑤성 산업단지,
정부,가동 중단,장쑤성 산업단지,
정부,제한,폴리올 원료 사용,
장쑤성 산업단지,조치,가동 중단 및 폴리올 원료 사용 제한,
국도화학 쿤샨 공장,2020년,화재 발생,
국도화학 쿤샨 공장,중단,가동,
국도화학,2021년,폴리올 생산공정 이전,
국도화학 폴리올 생산공정,이전 위치,닝보 지역,
2023년,상승,유가,
2023년 유가 상승,원인,중국의 수입량 증가,
2023년 유가 상승,원인,인도의 수입량 증가,
중국,증가,수입량,
인도,증가,수입량,
2023년 유가 상승,원인이다,사우디의 생산 감축,
2023년 유가 상승,원인이다,러시아의 생산 감축,
2023년 유가 상승,원인이다,사우디의 수출 감축,
2023년 유가 상승,원인이다,러시아의 수출 감축,
사우디,감축하다,생산,
러시아,감축하다,생산,
사우디,감축하다,수출,
러시아,감축하다,수출,
중국,수입하다,러시아 원유,
인도,수입하다,러시아 원유,
아시아,기록하다,"2023년 7월 원유 수입량 2,792만 bbl",
2023년 7월 원유 수입량,최대치,"2,792만 bbl",
중국과 인도의 러시아 원유 대량 수입,영향,아시아의 7월 원유 수입량,
아시아의 원유 수입량,증가,러시아 원유 대량 수입으로,
중국,수입,"2023년 7월 원유 1,204만 bbl",
2023년 7월 원유 수입량,상회,"1,200만 bbl",
중국,상회,"3개월 연속 1,200만 bbl",
중국의 원유 수입,견인,아시아 수입 강세,
중국,견인,아시아 수입 강세,
중국의 7월 원유 수입량,지속,"3개월 연속 1,200만 bbl 이상",
인도,수입,2023년 7월 원유 494만 bbl,
2023년 7월 원유 수입량,기록,5개월 래 최대치,
인도의 원유 수입량,최대치,494만 bbl,
인도의 7월 원유 수입량,지속,5개월 래 최대치,
인도,수입,2023년 7월 러시아 원유 208만 bbl,
러시아 원유 수입량,최대,208만 bbl,
인도의 7월 러시아 원유 수입량,기록,208만 bbl,
러시아 원유 수입량,포함,인도의 2023년 7월 원유 수입량,
사우디,시작,2023년 7월 자발적 감산 100만 b/d,
사우디,유지,100만 b/d 자발적 감산,
사우디,유지,2023년 9월 자발적 감산,
자발적 감산,지속,2023년 7월부터 9월까지,
사우디의 자발적 감산,일환,OPEC 회원국의 예방적 노력,
OPEC 회원국,노력,시장 안정을 위한 예방적 노력,
사우디의 자발적 감산,가능,향후 연장,
사우디의 자발적 감산,가능,향후 확대,
사우디,생산,2023년 8월 원유 900만 b/d,
사우디의 원유 생산량,기록,900만 b/d,
원유 생산량,2023년 8월 ,900만 b/d,
러시아,결정,2023년 9월 원유 수출 30만 b/d 감축,
러시아,감축,2023년 9월 원유 수출 30만 b/d,
원유 수출,2023년 9월,30만 b/d,
러시아,감축,2023년 3월 석유 생산량 50만 b/d 감축,
러시아,감축,2023년 3월 석유 생산량 50만 b/d,
석유 생산량,감축,50만 b/d,
러시아의 석유 생산량,감축,5.00%,
미국,발표,SPR 재매입분 600만 bbl 구매 철회 계획,
미국,철회,SPR 재매입분 600만 bbl 구매,
사우디 감산 연장,영향,유가 상승,
유가 상승,영향,미국의 SPR 구매 철회 계획,
SPR 재매입,이루어짐,70달러 초반에서,
유가,상회,80달러,
유가 상승,영향,SPR 재매입 계획 변경,
미국,변경,SPR 재매입 계획,
유가,변화,70달러 초반에서 80달러 이상으로,
인도 정부,인상,원유에 대한 횡재세,
횡재세,인상,"톤당 1,600루피에서 4,250루피로",
횡재세,인상,51.86달러로,
인도 정부,시행,2023년 8월 1일부터 횡재세 인상,
인도 정부,인상,디젤에 대한 횡재세,
디젤 횡재세,인상,리터당 0루피에서 1루피로,
인도 정부,시행,2023년 디젤 횡재세 인상,
민간 정유업체들,이익 추구,해외에서 높은 정제마진을 통한 이익,
민간 정유업체들,해외 판매,자국 내 판매 대신 해외 판매,
인도 정부의 조치,나타남,민간 정유업체들의 해외 이익 추구에 따라,
인도 페인트 시장 규모,기록,2023년 8.5조원,
인도 페인트 시장 규모,예상,2025년 10조원,
인도 페인트 시장,성장,2023년부터 2025년까지,
인도 페인트 시장,보유,200만 톤 이상의 내수 수요,
인도 페인트 시장,비교,중국,
인도 페인트 시장,분류,가장 큰 시장,
인도 페인트 시장,75%,장식용 페인트로,
인도 페인트 시장,25%,산업용 페인트로,
장식용 페인트,사용,주거 공간에,
장식용 페인트,사용,사무 공간에,
장식용 페인트,사용,건축 외관에,
주거 공간,포함,장식용 페인트 사용 영역에,
사무 공간,포함,장식용 페인트 사용 영역에,
건축 외관,포함,장식용 페인트 사용 영역에,
인도 페인트 시장,나누어짐,장식용과 산업용으로,
인도 장식용 페인트 시장,성장,8.00%,
인도 장식용 페인트 시장,성장,2020~21년 코로나 봉쇄 기간,
코로나 봉쇄 기간,지속,2020~2021년,
인도 장식용 페인트 성장,영향,부동산 개발 수요,
인도 장식용 페인트 성장,영향,인프라 개선,
인도 장식용 페인트 성장,영향,도시화,
도시화율,전망,40.00%,
도시화율,예상,2030년,
도시 정비 사업,확대,도시화율 전망에 따라,
장식용 페인트 수요,예상,지속 상승,
수요 상승,영향,도시 정비 사업 확대에 따라,
산업용 페인트 시장,포함,자동차,
산업용 페인트 시장,포함,해양선박,
산업용 페인트 시장,포함,포장,
산업용 페인트 시장,포함,보호용 코팅,
인도의 산업용 페인트 시장,비중 높음,자동차향,
자동차향 비중,차지,46.00%,
인도의 산업용 페인트 시장,차지,46% 자동차향,
인도 페인트 시장,요구,정부 승인 인증,
정부 승인 인증,복잡,인도 페인트 시장에서,
인도 페인트 시장,포함,복잡한 정부 승인 인증,
인도 페인트 시장,높음,기술 진입 장벽,
기술 진입 장벽,높음,공정 기술 난이도 때문에,
공정 기술 난이도,원인,기술 진입 장벽이 높음,
인도 페인트 시장,점유,주요 4개 페인트 업체,
주요 4개 페인트 업체,차지,전체 점유율의 70% 이상,
인도 페인트 시장 점유율,차지,70% 이상,
인도 페인트 시장,구성,Asian Paint 42%,
인도 페인트 시장,구성,Berger 12%,
인도 페인트 시장,구성,Kansai 7%,
인도 페인트 시장,구성,Akzo Nobel 5%,
인도 페인트 시장,구성,Indigo 2%,
인도 페인트 시장,구성,기타 점유율,
인도의 페인트 시장,연동,건설 시장 확대,
인도의 페인트 시장,연동,건축 시장 확대,
인도의 페인트 시장,연동,자동차 판매량,
인도,예상,수요 급증,
수요 급증,예상,향후 도시화율 감안 시,
도시화율,영향,수요 급증,
Aditya Birla,보유,7만 톤 Capa,
Atul,보유,4만 톤 Capa,
국도화학,보유,4만 톤 Capa,
인도,수입,중국산 에폭시,
국도화학,M/S,20~30% 수준,
M/S,추정,20~30%,
국도화학,차지,인도 내 20~30% M/S,
정유 정제마진,기록,16.0달러,
정유 정제마진,기록,7개월 래 최대치,
경유 마진,강세,뚜렷하게,
중국 폴리실리콘,상승,가격,
중국 웨이퍼,상승,가격,
중국 셀,유지,보합,
중국 모듈,하락,가격,
폴리실리콘 생산량,증가,7월에,
폴리실리콘 생산량,증가,6월 대비,
폴리실리콘 생산량,기록,12.5만 톤으로,
중국 폴리실리콘 공급량,증가,지속적으로,
폴리실리콘 가격,하락,2023년 7월 초에,
폴리실리콘 가격,하락,60위안/kg 이하로,
생산 능력,연기,가격 하락으로 인해,
tier-1 업체들,유지,마진을,
tier-1 업체들,유지,낮은 가격에서도,
폴리실리콘 기업,유지,생산량,
폴리실리콘 가격,반등 예상,2023년 7월 중 후반에,
재고,감소,폴리실리콘,
수요,호조,다운스트림에서,
tier-2 기업,증가,폴리실리콘 생산,
tier-3 기업,증가,폴리실리콘 생산,
모듈 생산,증가,대폭,
최종 수요,회복되지 않았음,현재 상황에서,
시장 경쟁,치열,모듈 시장에서,
업체들,경쟁,시장 선점을 위해,
업체들,가격 인하,시장 선점을 위해,
가격,하락,경쟁 때문에,
구리,추가,중요 물질 목록에,
미국 에너지부,추가,구리,
미국 에너지부,평가,중요 소재,
중요 소재 평가,중점,청정에너지 기술에 필수적인 소재에,
중요 소재 평가,중점,공급 중단 위험이 높은 소재에,
중요 소재 평가,중점,글로벌 청정에너지 기술 공급망에서,
중요 물질 최종 목록,포함,알루미늄,
중요 물질 최종 목록,포함,코발트,
중요 물질 최종 목록,포함,구리,
중요 물질 최종 목록,포함,디스프로슘,
중요 물질 최종 목록,포함,전기강,
중요 물질 최종 목록,포함,불소,
중요 물질 최종 목록,포함,갈륨,
중요 물질 최종 목록,포함,이리듐,
중요 물질 최종 목록,포함,리튬,
중요 물질 최종 목록,포함,마그네슘,
중요 물질 최종 목록,포함,천연 흑연,
중요 물질 최종 목록,포함,네오디뮴,
중요 물질 최종 목록,포함,니켈,
중요 물질 최종 목록,포함,백금,
중요 물질 최종 목록,포함,프라세오디뮴,
중요 물질 최종 목록,포함,테르븀,
중요 물질 최종 목록,포함,실리콘,
중요 물질 최종 목록,포함,실리콘 카바이드,
SK 넥실리스,체결,MOU를,
SK 넥실리스,체결,도요타통상과,
SK 넥실리스,설립,JV를 위해,
JV,설립,북미 시장에서 동박 생산·공급을 위해,
SK 넥실리스,생산,동박을,
SK 넥실리스,공급,동박을 북미 시장에서,
SK 넥실리스,추진,동박 생산법인 설립을,
도요타통상,추진,동박 생산법인 설립을,
SK 넥실리스와 도요타통상,협업,동박 제품 제조에,
SK 넥실리스와 도요타통상,협업,동박 제품 장기 공급에,
동박 생산법인,설립,북미 지역에,
SK 넥실리스와 도요타통상,투자,북미 지역에,
SK 넥실리스와 도요타통상,협력,핵심 원료 공급에,
도요타통상,진행,아르헨티나 리튬 공급,
도요타통상,진행,다양한 이차전지 주요 원재료 사업,
동박 원재료,수급 기대,SK 넥실리스 북미 생산시설에,
동박 원재료,수급,더 원활하게,
LG 엔솔,확대,배터리 공장 생산 능력을,
LG 엔솔,스텔란티스 협력,배터리 공장,
배터리 공장 생산 능력,확대,45GWh/년에서 49GWh/년으로,
배터리 공장,위치,캐나다 온타리오에,
배터리 공장,시작,배터리 모듈 생산을 2024년 7월부터,
배터리 공장,시작,셀 생산을 2025년 1분기에,
LG 에너지솔루션과 스텔란티스,지원,150억 캐나다 달러 보조금을,
캐나다 정부,지원,150억 캐나다 달러 보조금을,
LG 에너지솔루션과 스텔란티스,생산,전기차 배터리를,
보조금,지원,향후 10년에 걸쳐,
정제마진,육박,9달러에,
정제마진,상회,과거 평균을,
모든 제품군,호조,과거 평균 대비,
정유,호조,납사마진 제외 제품군에서,
휘발유 마진,높음,과거 평균 대비 연중 내내,
등/경유 마진,상회,과거 평균 수준을 최근 2~3주간,
PX,상회,과거 평균을,
BTX,상회,과거 평균을,
PX,돌파,7년 밴드를 상향,
BTX,돌파,7년 밴드를 상향,
정유사의 윤활기유 실적,유지,작년 사상 최대 실적 대비,
윤활기유 실적,유지,이익 체력이,
납사,부진,마진 -18달러로,
납사 마진,기록,부진한 흐름,
납사 마진,부진,-18달러로,
납사 마진 부진,영향,NCC 가동률 저하에 따라,
NCC 가동률,저하,납사 마진 부진에 영향,
NCC 가동률 저하,저하,글로벌 수급 타이트 현상에,
글로벌 수급 타이트 현상,지속,NCC 가동률 저하에 따라,
미국 정제설비 가동률,유지,93%로,
미국 휘발유 재고,하향 이탈,7년 밴드 하단을,
미국 휘발유 재고,낮음,수준,
정제설비 가동률,높음,낮은 석유제품 재고로,
아시아 경유 재고,접근,7년 밴드 하단에,
휘발유 재고,급락,현재 상황에서,
정유사의 펀더멘털,견조,글로벌 경기침체 우려에도 불구하고,
탈탄소 정책 강화,영향,정제설비 증설 위축에,
정제설비 증설,위축,2019년을 Peak로,
정제설비 증설 위축,발생,탈탄소 정책 강화로,
2022년 CDU 증설,불과,매년 20만60만 b/d,
수요,증가,2021년부터 100만 b/d 이상,
수급,타이트,수요 증가로,
CDU 증설,부족하다,수요 증가에 비해,
CDU 증설 제한,영향,다운스트림 PX/BTX 증설 축소에,
CDU 증설 제한,영향,윤활기유 증설 축소에,
PX/BTX 증설,축소,2019~20년을 Peak로,
윤활기유 증설,축소,2019~20년을 Peak로,
다운스트림,강세,증설 축소로,
미국,보임,강한 수요를,
인도,보임,강한 수요를,
중국,회복,경제적으로,
미국 휘발유 수요,개선,YoY 기준,
미국,차지,M/S 20%,
인도 석유제품 수요,경신,사상 최대치,
인도,차지,M/S 5%,
인도 석유제품 수요,증가,2023년 5월에,
중국,차지,M/S 15%,
중국 수요,개선,리오프닝 영향으로,
휘발유 수요,개선,중국에서,
항공유 수요,개선,중국에서,
PX/BTX 강세,발생,휘발유 강세에 따라,
윤활기유 강세,발생,휘발유 강세에 따라,
정유사 수율 조정,발생,휘발유 강세에 따라,
PX/BTX,강세,정유사 수율 조정의 간접 영향으로,
윤활기유,강세,정유사 수율 조정의 간접 영향으로,
아시아 정제설비 증설,감소,2023~24년에,
중동 정제설비 증설,감소,2023~24년에,
정제설비 증설,감소,아시아에서,
정제설비 증설,감소,중동에서,
아시아 CDU 증설,증설,2022년에 60만 b/d,
중동 CDU 증설,증설,2022년에 60만 b/d,
아시아 CDU 증설,증설,2023년에 150만 b/d,
중동 CDU 증설,증설,2023년에 150만 b/d,
아시아 CDU 증설,예상,2024년에 70만 b/d로,
중동 CDU 증설,예상,2024년에 70만 b/d로,
수요 증가,예상,100만 b/d 내외,
수급,타이트,향후 수요 증가 대비 낮은 증설 수준으로,
미국과 중동 관계 회복,작용,유가 하방압력으로,
미국-이란 핵협상 복원,작용,유가 하방압력으로,
미국-이란 핵협상,복원,일시적으로,
유가,하방압력,미국과 중동 관계 회복으로,
글로벌 석유제품 수요,회복 가능,현재 가격대에서,
미국 SPR 재매입 수요,강해짐,향후,
유가 WTI,지속 불가능,70$ 이하에서는,
미국 정부,발표,"1,200만 bbl 전략 비축유 재매입을",
미국 정부,매입,600만 bbl 인도분을 8~9월에,
600만 bbl 인도분,매입,72~73$에,
바이든 행정부,발표,600만 bbl 원유 추가 구매를,
바이든 행정부,구매,10~11월 인도분 원유를,
600만 bbl 원유,구매,SPR 비축을 위해,
펀더멘털 개선,필요,석유화학 시황 개선이,
펀더멘털 개선,필요,사우디 OSP 하락이,
석유화학 시황 개선,조건,펀더멘털 추가 개선을 위한,
사우디 OSP 하락,조건,펀더멘털 추가 개선을 위한,
NCC 가동률,낮음,현재 상황에서,
정유사 납사 마진,최악,-18$ 수준으로,
납사 마진,악화,NCC 낮은 가동률 때문에,
석유화학 시황,개선,향후,
NCC 업체 가동률,상향,석유화학 시황 개선 시,
납사 마진,개선,NCC 가동률 상향에 따라,
납사 마진,개선,석유화학 시황 개선 시,
중국,강화,석유화학 제품 재고확보 움직임을,
석유화학 제품 재고확보 움직임,강화,최근 2주 간,
재고확보 움직임,긍정적,중국 중심으로 강화되는 점이,
사우디 OSP(Arab Light),기록,3~3.2$ 현재,
사우디 OSP(Arab Light),기록,2$ 3월 초에,
사우디 감산 조치,시행,최근에 강하게,
감산 조치 시행,보임,현상으로,
미국-사우디 관계 회복,낮춤,추가 감산 조치 가능성을,
미국-이란 관계 회복,증가,이란 원유 수출량을,
이란 원유 수출량 증가,가능,미국-이란 관계 회복 시,
사우디 OSP,하향,이란 원유 수출 증가 시,
미국-중동 관계 회복,긍정적,시그널이,
관계 회복 시그널,긍정적,미국-중동 사이에서,
휘발유 수요,타격,전기차로 인해,
납사,개발 단계,걸음마 단계에 있다,
항공유,개발 단계,걸음마 단계에 있다,
등/경유,개발 단계,걸음마 단계에 있다,
휘발유,보임,매우 좋은 흐름을,
휘발유,나타남,역설적으로,
비관의 역설,발생,중기적으로,
정유업체 Cash Flow,예상,호조,
비관의 역설,영향,정유업체 Cash Flow에,
정유업체 Cash Flow,호조,수소 및 신재생 에너지로의 Energy Transition에,
정유업체 Cash Flow,가능성,Energy Transition의 재원으로,
정유업체의 2Q23 실적,부진,현재 상황에서,
정유업체의 3Q23 실적,회복,중기적으로,
3Q23 이후,예상,뚜렷한 회복이,
정유업체,집중,단기 펀더멘털 개선에,
정유업체,우려,중장기보다,
단기 펀더멘털 개선,중요,정유업체에게,
올린,발표,구조조정 계획을,
올린,속함,에폭시 시장의 글로벌 No.2,
에폭시 시장,차지하다,M/S 17%,
올린,발표,3월에 이어 6월에도,
올린,선언,한국 구미 에폭시 설비의 생산 중단을,
올린,선언,브라질 Guaruja 에폭시 설비의 생산 중단을,
올린,발표,아시아 전역의 판매/지원 인력 감축을,
올린,2023년 3/21일에,날짜,
,발표,네덜란드 Terneuzen에서 큐멘 설비의 생산 중단을,
큐멘 설비,위치,네덜란드 Terneuzen에서,
큐멘 설비,중단,올린의 발표에 따라,
올린,발표,미국 텍사스 Freeport 에폭시 및 업스트림 설비 감축을,
미국 텍사스 Freeport 에폭시 및 업스트림 설비 감축을,2023년 6/20일에,발표,
미국 텍사스 Freeport 에폭시 및 업스트림 설비 감축을,미정,구체적인 규모,
미국 Freeport 에폭시 설비,8.6만 톤,에폭시 설비,
미국 Freeport ECH,36.5만 톤,ECH,
미국 Freeport BPA,19만 톤,BPA,
미국 Freeport 아세톤,18만 톤,아세톤,
미국 Freeport 페놀,29.5만 톤,페놀,
미국 Freeport 에폭시 설비,차지,2.5%의 글로벌 Capa,
글로벌 Capa,350만 톤,Capa,
올린,언급,수요 부진을 에폭시 설비 구조조정의 이유로,
올린,언급,중국의 증설 러쉬를 에폭시 설비 구조조정의 이유로,
에폭시 설비 구조조정,발생,수요 부진 때문에,
에폭시 설비 구조조정,발생,중국의 증설 러쉬 때문에,
에폭시 전방산업,포함,페인트를,
인도,보유,높은 잠재력을,
인도,확대,대규모 인프라 투자를,
조선 시장,사용,에폭시에,
풍력 시장,사용,에폭시에,
자동차,사용,에폭시에,
가전,사용,에폭시에,
에폭시,사용,광범위하게,
시장 성장,해석 불가,에폭시 사용 범위를 감안할 때,
회사,판단,선택과 집중을 위해,
회사 판단,해석,본질적인 이유로,
,시현,염소 사업부에서 높은 마진율을,
올린,시현,가성소다 사업부에서 높은 마진율을,
가성소다 EBITDA 마진율,8년 간,평균 26%,
염소 EBITDA 마진율,8년 간,평균 26%,
에폭시 EBITDA 마진율,8년 간,평균 10%,
올린,예상,염소 사업부의 공급부족이 2027년까지 지속될 것을,
올린,예상,가성소다 사업부의 공급부족이 2027년까지 지속될 것을,
올린 에폭시 매출,80% 차지,북미향으로,
올린 에폭시 매출,80% 차지,유럽향으로,
에폭시 수요 성장,힘듦,중장기적으로,
에폭시 수요 성장,힘듦,북미,
에폭시 수요 성장,힘듦,유럽,
수요,성장,아시아,
국도화학 에폭시 규모,2015년,60만톤,
국도화학 에폭시 규모,2022년,82만톤,
국도화학 에폭시 규모,확대,2015년부터 2022년까지,
국도화학,차지,글로벌 No.1,
국도화학,차지,M/S 24%,
인도 Capa,늘어남,6만 톤 추가 증설로 2025년에,
인도 Capa,2025년,10만 톤 2025년에,
인도 Capa,상회,전체 Capa의 10%를,
인도,증설,6만 톤을 2025년에,
국도화학 Capa,2022년,82만 톤 현재,
국도화학 Capa,포함,국내 57만 톤,
국도화학 Capa,포함,중국 21만 톤,
국도화학 Capa,포함,인도 4만 톤,
국도화학,보유,인도 생산법인을,
국도화학,보유,중국 생산법인을,
국도화학,보유,인도 판매법인을,
국도화학,보유,중국 판매법인을,
국도화학,보유,유럽 판매법인을 2021년에 설립,
국도화학 Capa,늘어남,꾸준히,
국도화학 매출 비중,상회,80%를 아시아에서,
아시아,차지,국도화학 매출 비중의 80% 이상,
아시아,높은 성장성,국도화학 매출에서,
국도화학,설립,인도 판매법인을 2017년에,
국도화학,가동,신규 설비를 2021년에,
인도 판매법인,설립,2017년에,
신규 설비,가동,2021년에 인도에서,
국도화학,확보,공고한 M/S를 인도에서,
국도화학,확장,공격적인 Capa 확장을,
국도화학 M/S,확보,인도 시장,
인도,부족,에폭시 Capa가,
인도,수입하다,에폭시를 순수입으로,
인도,투자,공격적인 인프라에 YoY +33%,
자동차 판매량,증가,YoY +30%로,
가전제품 생산 기지,이전,인도로,
에폭시 수요,상승,인도 내에서 대폭,
에폭시 인도 수요,증가,2027년까지 CAGR +8%,
에폭시 인도 수요,높음,글로벌 평균보다,
글로벌 평균 수요,증가,+5%로,
에폭시 수요,전망,인도에서 더 높은 성장률로,
중국 탈탄소 정책,2021년,석탄 생산 제한,
중국 탈탄소 정책,2021년,선탁 발전 제한,
석탄 생산 제한,이어짐,잦은 전력난으로,
석탄 발전 제한,이어짐,잦은 전력난으로,
석탄 생산 제한,이어짐,공급망 부작용으로,
석탄 발전 제한,이어짐,공급망 부작용으로,
전력난,작용,경기하강 압력으로,
공급망 부작용,작용,경기하강 압력으로,
중국,증산,석탄을 2022년부터,
중국,통제,석탄 가격을 2022년부터,
중국,노력,전력난 재발 방지를 위해,
석탄 증산/가격 통제,이루어짐,전력난 재발 방지를 위해,
중국 석탄 생산량,기록,사상 최대치를 2022년에,
석탄 화력 발전소 허가,이루어짐,106GW로 2022년에,
석탄 화력 발전소 허가,증가,YoY 4배로,
석탄 화력 발전소 허가,최대치,2015년 이후,
2023년 석탄 생산,예상,사상 최대치로,
2023년 석탄 발전,예상,사상 최대치로,
중국 석탄 생산량,증가,2023년 1~2월 누적 YoY +6%,
2023년 1~2월 석탄 생산량,증가,중국에서 YoY +6%,
산서,약속,석탄 생산량 2~5% 증가를,
내몽골,약속,석탄 생산량 2~5% 증가를,
석탄 생산량,증가,산서에서 2~5% 올해,
석탄 생산량,증가,내몽골에서 2~5% 올해,
2060년 탄소중립,유지,큰 틀에서,
신재생에너지 확대,유지,큰 틀에서,
석탄 화력 발전,중요,단기 에너지 안보 달성을 위해,
석탄 화력 발전,중요,경기하강 압력 완화를 위해,
호주산 석탄 수입,재개,최근 2년 만에,
중국,재개,호주산 석탄 수입을,
중국 석탄 생산 확대,하회,가스 소비량을 예상보다,
중국 석탄 발전 확대,하회,원유 소비량을 예상보다,
석탄 생산/발전 확대,기여,글로벌 에너지 가격 안정화에,
가스 소비량,하회,중국 석탄 생산/발전 확대로,
원유 소비량,하회,중국 석탄 생산/발전 확대로,
중국,구입,석탄,
중국,구입,원유,
중국,구입,가스,
석탄,구입,러시아로부터,
원유,구입,러시아로부터,
가스,구입,러시아로부터,
석탄,구입,저렴하게,
원유,구입,저렴하게,
가스,구입,저렴하게,
중국 석탄 수입량,증가,2022년 YoY +20%,
중국,수입,러시아산 석탄을,
러시아산 석탄 단가,저렴,호주산 대비 40%,
러시아산 석탄 단가,기록,217$/톤 2022년에,
중국 LNG 수입량,증가,YoY +40%,
중국,수입,러시아 LNG를,
러시아 LNG 단가,저렴,아시아 현물가격보다 50%,
러시아 LNG 단가,기록,20$/mmbtu,
러시아 Ural,저렴,Dubai 대비 20$/bbl,
Ural,비교,Dubai와,
중국 CPI,기록,2%대,
정책 카드,활용 가능,경기부양 목적의,
중국,활용 가능,정책 카드를 경기부양을 위해,
중국 전력난 완화,긍정적,물가 안정에,
중국 전력난 완화,긍정적,산업생산 증가에,
중국 전력난 완화,긍정적,석유화학 수요 전반에,
전력난 완화,기여,산업생산 증가에,
석탄 발전 확대,기여,가스 가격 안정화에,
석탄 발전 확대,기여,원유 가격 안정화에,
가스 가격 안정화,완화,NCC의 원가 부담을,
원유 가격 안정화,완화,NCC의 원가 부담을,
메탈실리콘,안정화,전력난에 따라 급등했던,
범용 유기실리콘,완화,원가 부담이 메탈실리콘 안정화 시,
범용 유기실리콘,시달림,원가 압박에,
중국 BDO,생산,아세틸렌으로,
중국 BDO 설비,석탄 기반,절반 이상이,
아세틸렌 기반 BDO 가동률,상승,최근에,
BDO 가격,예상,안정화될 것으로,
BDO 가격 안정화,예상,가동률 상승으로,
중국 석탄 기반 PVC 생산량,증대,2023년,
전력난 완화,증가,가성소다 생산을,
가성소다 생산,가능성,전력난 완화에 따라,
아시아 가성소다 가격,급락,최근에,
가성소다 가격 급락,증명,이전 가능성을,
2021~2022년 중국 전력난,발생,메탈실리콘 가격 급등을,
메탈실리콘 가격 급등,요인,폴리실리콘 가격 상승의,
메탈실리콘 가격 급등,요인,태양광 체인 전반 가격 상승의,
중국 전력난 완화,요인,메탈실리콘 가격 하향 안정화의,
메탈실리콘 가격 하향 안정화,시작,태양광 체인에서,
태양광 체인 가격 하향 안정화,발생,메탈실리콘에서,
태양광 체인 가격,하락,적어도 2023년 상반기까지,
태양광 체인 가격 하락,불가피,2023년 상반기에,
석탄 가격 안정화,기여,비료 가격 안정화에,
석탄 가격 안정화,기여,곡물 가격 안정화에,
ECH,수혜를 받음,곡물 대란의 반사로,
ECH 수혜,완화,현재 국면에서,
사우디,집행,시아파 지도자 사형을 2016년에,
이란 강경보수 세력,문제 삼음,사우디 시아파 지도자 사형을,
이란 강경보수 세력,공격,자국 주재 사우디 공관 2곳을,
사우디와 이란,단절,국교가 공격 이후,
사우디와 이란,합의,외교 관계 정상화를,
사우디와 이란,중재,이라크와 오만의 중재를 2021년부터,
사우디와 이란,중재,이번 중국의 중재로,
외교 관계 정상화,합의,중국의 중재로,
사우디-이란-중국,진행,회담,
회담,진행,나흘간 베이징에서,
사우디-이란-중국,회담,나흘간 베이징에서,
Shale Boom,발생,2010년대 미국에서,
미국,이룸,에너지 자립을 Shale Boom에 따라,
에너지 자립,비화,러시아와의 관계 악화로,
미국의 에너지 자립,악화,주요 에너지 생산국과의 관계를,
카슈끄지,살해,2018년에,
미국,관계 악화,사우디와 2018년에,
트럼프,탈퇴,이란 핵협정(JCPOA)에서,
트럼프,탈퇴,2018년에,
이란 핵협정(JCPOA),탈퇴,트럼프에 의해,
러우 전쟁,발생,미국의 에너지 자립 과정에서,
G7과 EU,제재,러시아를,
러시아 제재,발생,미국의 에너지 자립 과정에서,
미국,시행,IRA 법안을,
미국,자립,신재생 에너지에서,
미국,노력,탈중국 가속화를 위해,
IRA 법안,시행,신재생 에너지 자립을 위해,
신재생 에너지 자립,이루어짐,배터리 분야에서,
신재생 에너지 자립,이루어짐,태양광 분야에서,
중국,품음,사우디를,
중국,품음,이란을,
중국,품음,러시아를,
인도,품음,사우디를,
인도,품음,이란을,
인도,품음,러시아를,
시진핑,방문,사우디를,
시진핑,방문,6년 만에,
시진핑,방문,2022년 12월에,
시진핑,체결,34개의 투자 협정을,
시진핑,체결,에너지 관련 협정을,
사우디,방문,시진핑에 의해,
사우디,방문,2022년 12월에,
투자 협정,체결,사우디와 시진핑에 의해,
에너지 관련 협정,체결,사우디와 시진핑에 의해,
에브라임 라이시,개최,정상회담을,
에브라임 라이시,회담,시진핑과,
정상회담,개최,2023년 2월에,
정상회담,열림,베이징에서,
시진핑,약속,이란과 친선적 협력을 지속 발전시키겠다고,
이란과 친선적 협력,지속,시진핑의 약속으로,
시진핑,약속,약속을 이란과 협력에 대해,
시진핑,주도,사우디-이란 관계 복원을,
사우디-이란 관계,복원,2023년 3월에,
사우디-이란 관계 복원,주도,시진핑에 의해,
러시아 Ural 원유,50$ 후반 수준,가격,
Ural 원유,저렴,Brent 대비 20~30$,
Ural 원유,유입,인도로 대규모로,
Ural 원유,유입,중국으로 대규모로,
이란 원유 수출량,저점,2020년에,
이란 원유 수출량,저점,40만 b/d로,
이란 원유 수출량,상승,2022년 말에,
이란 원유 수출량,상승,2023년 초에,
이란 원유 수출량,상승,110~120만 b/d로,
원유 수출량,상승,이란에서,
말레이시아,우회,산둥성 Teapot이 수입하다,
산둥성 Teapot,수입,말레이를 우회해,
Teapot,수입,산둥성에서,
중국,조달,이란 원유를,
이란 원유,조달,낮은 금액에,
이란 원유,조달,러시아 원유보다 최대 10% 낮은 금액에,
중국,파악,이란 원유를 조달하는 것으로,
중국,파악,10% 낮은 금액에 조달하는 것으로,
사우디,경쟁,이란 원유와,
사우디,경쟁,러시아 원유와,
이란 원유,유입,아시아로,
러시아 원유,유입,아시아로,
사우디 OSP,상향 어려움,추세적으로,
사우디,상향 어려움,OSP를,
사우디-이란,복원,외교관계,
중국,최대 수혜국,에너지 관점,
사우디-이란 외교관계 복원,수혜국,중국,
인도 연료 수요,최대치,2023년 2월 기준으로,
연료 수요,최대치,인도에서 1998년 이후 24년 만에,
인도 전력 수요,증가,2022년에 YoY +8%,
인도 전력 수요,증가,2023년 1~2월 누적 YoY +10%,
러시아 원유,도입,저렴한 가격에,
이란 원유,도입,저렴한 가격에,
러시아 원유 도입,낮춤,물가 부담을,
이란 원유 도입,낮춤,물가 부담을,
물가 부담,낮음,저렴한 원유 도입으로,
인도 PPI,기록,16.60%,
인도 PPI,2022년 5월에,16.60%,
인도 PPI,기록,4.70%,
인도 PPI,2023년 1월에,4.70%,
인도 PPI,PPI,2022년 5월에서 2023년 1월 사이,
중국,부진,CPI,
중국,부진,PPI,
중국,도입,저가 원유를,
저가 원유 도입,영향,중국 CPI에 일부,
저가 원유 도입,영향,중국 PPI에 일부,
Shale Boom,종료,미국에서,
러시아 원유,공백 발생,탈중국 정책에 따라,
미국,의존,IRA 정책 보조금에,
미국,의존,CRMA 정책 보조금에,
미국,이룸,에너지 자립을,
미국,이룸,높은 물가 압력 하에서,
유럽,의존,IRA 정책 보조금에,
유럽,의존,CRMA 정책 보조금에,
유럽,이룸,에너지 자립을,
유럽,이룸,높은 물가 압력 하에서,
중국,품다,중동을,
중국,품다,러시아를,
인도,품다,중동을,
인도,품다,러시아를,
중국,후퇴,탈탄소 정책을 일시적으로,
인도,후퇴,탈탄소 정책을 일시적으로,
중국,낮춤,전력비를,
중국,낮춤,전반적인 물가 부담을,
인도,낮춤,전력비를,
인도,낮춤,전반적인 물가 부담을,
중국,넓어짐,운신의 폭이 통화 정책에서,
중국,넓어짐,운신의 폭이 재정 정책에서,
중국,넓어짐,운신의 폭이 중장기 신재생 에너지 정책에서,
인도,넓어짐,운신의 폭이 통화 정책에서,
인도,넓어짐,운신의 폭이 재정 정책에서,
인도,넓어짐,운신의 폭이 중장기 신재생 에너지 정책에서,
에폭시 수지,포함,에폭시드 결합,
에폭시 수지,일종,열경화성 플라스틱,
에폭시 수지,사용,다양한 산업에서,
에폭시 수지,사용,고성능 접착제,
에폭시 수지,사용,코팅제,
에폭시 수지,사용,밀봉제,
에폭시 수지,가짐,우수한 접착성,
에폭시 수지,가짐,낮은 수축률,
에폭시 수지,가짐,열에 대한 내성,
에폭시 수지,가짐,습기에 대한 내성,
에폭시 수지,가짐,화학 물질에 대한 내성,
인도 에폭시 수지 시장,생산,2024년 172톤,
인도 에폭시 수지 시장,생산,2029년 251.5톤,
생산 규모,증가,2024년에서 2029년까지,
인도 에폭시 수지 시장,예상,2024-2029년 연평균성장률 7.90%,
연평균성장률,달성,0.079,
성장률,예상,2024-2029년 기간 동안,
인도 에폭시 수지 시장,예상,2024년 5억4000만 달러,
인도 에폭시 수지 시장,성장,2032년 9억3000만 달러,
인도 에폭시 수지 시장,성장,2024년에서 2032년까지,
인도 에폭시 수지 시장,도달,연평균 성장률 7%,
연평균 성장률,도달,2024년에서 2032년 기간 동안,
에폭시 수지,사용,건설 산업에서,
에폭시 수지,사용,자동차 산업에서,
에폭시 수지,사용,전기 산업에서,
에폭시 수지,사용,전자 산업에서,
에폭시 수지,사용,항공우주 산업에서,
에폭시 수지,사용,인도에서,
에폭시 수지,사용,수요,
수요,증가,내구성 뛰어남 때문에,
수요,증가,화학적 안정성 때문에,
수요,증가,접착성 좋음 때문에,
수요,증가,정부의 인프라 개발로,
에폭시 수지,뛰어남,내구성,
에폭시 수지,안정성,화학적,
에폭시 수지,좋음,접착성,
정부,증가,인프라 개발 이니셔티브,
인프라 개발 이니셔티브,포함,고속도로,
인프라 개발 이니셔티브,포함,교량,
인프라 개발 이니셔티브,포함,상업용 건물,
에폭시 수지,선호,자동차 코팅재로,
에폭시 수지,사용,자동차 분야에서,
에폭시 수지,선호,높은 내식성 때문에,
에폭시 수지,선호,고온 저항성 때문에,
에폭시 수지,선호,화학적 안정성 때문에,
전기 제조 분야,사용,보호 코팅제,
전자 제조 분야,사용,보호 코팅제,
보호 코팅제,사용,전기 제조 분야에서,
보호 코팅제,사용,전자 제조 분야에서,
보호 코팅제,보호,전기 제품,
보호 코팅제,보호,전자 제품,
보호 코팅제,보호,전기 제품을 습기로부터,
보호 코팅제,보호,전자 제품을 습기로부터,
보호 코팅제,보호,전기 제품을 진동으로부터,
보호 코팅제,보호,전자 제품을 진동으로부터,
보호 코팅제,보호,전기 제품을 고열로부터,
보호 코팅제,보호,전자 제품을 고열로부터,
보호 코팅제,수요,전기 제조 분야에서,
보호 코팅제,수요,전자 제조 분야에서,
에폭시 수지,주로 사용,항공우주 분야에서,
에폭시 수지,사용,항공기 부품 제조에,
에폭시 수지,주료 사용,가벼운 무게 덕분에,
에폭시 수지,주료 사용,높은 강도 덕분에,
항공기 부품 제조,요구,가벼운 무게,
항공기 부품 제조,요구,높은 강도,
인도 에폭시 수지 시장 성장,달라짐,원재료에 따라,
원재료,영향,인도 에폭시 수지 시장 성장,
DGBEA,사용,에폭시 수지의 원재료로,
DGBEA,포함,비스페놀 A 및 ECH,
DGBEF,사용,에폭시 수지의 원재료로,
DGBEF,포함,비스페놀 F 및 ECH,
Novolac,사용,에폭시 수지의 원재료로,
Novolac,포함,포름 알데히드 및 페놀,
Aliphatic,사용,에폭시 수지의 원재료로,
Aliphatic,포함,Aliphatic 알코올,
글리시딜아민,사용,에폭시 수지의 원재료로,
글리시딜아민,포함,Aromatic Amines 및 ECH,
기타 원료,사용,에폭시 수지의 원재료로,
DGBEA,사용,에폭시 수지 생산에,
DGBEA,주로 사용,에폭시 수지 원료로,
DGBEA,도달,연평균성장률 7.65%,
연평균성장률,예상,2022년부터 2027년까지,
DGBEA,갖춤,우수한 내구성,
DGBEA,갖춤,유연성,
DGBEA,갖춤,내화학성,
내화학성,뛰어남,화학 약품에 대한 저항력,
내화학성,뛰어남,물에 대한 저항력,
DGBEA,갖춤,접착력,
DGBEA,사용,접착제에,
DGBEA,사용,코팅제에,
DGBEA,사용,라미네이트에,
DGBEA,응용,광범위한 분야에,
DGBEA,확보,시장에서 상당한 입지,
DGEBF,증가,7.65%,
증감률,대비,2022년,
DGEBF,기준,원재료에 따른 인도 에폭시 수지 제품,
노볼락,증가,4.91%,
증감률,대비,2022년,
노볼락,기준,원재료에 따른 인도 에폭시 수지 제품,
Aliphatic,증가,5.48%,
증감률,대비,2022년,
Aliphatic,기준,원재료에 따른 인도 에폭시 수지 제품,
글리시딜아민,증가,3.06%,
증감률,대비,2022년,
글리시딜아민,기준,원재료에 따른 인도 에폭시 수지 제품,
인도,보유,막대한 노동력,
인도,보유,탄탄한 제조 생태계,
인도,보유,급성장하는 내수 시장,
막대한 노동력,적용,에폭시 수지 시장,
탄탄한 제조 생태계,적용,에폭시 수지 시장,
급성장하는 내수 시장,적용,에폭시 수지 시장,
인도의 에폭시 수지 시장,제공,성장 기회,
인도의 에폭시 수지 시장,제공,확장 기회,
성장 기회,제공,인도 자국 내 기업에게,
성장 기회,제공,해외 기업에게,
성장 기회,제공,다국적 기업에게,
확장 기회,제공,인도 자국 내 기업에게,
확장 기회,제공,해외 기업에게,
확장 기회,제공,다국적 기업에게,
에폭시 수지 생산,시작,1960년대 후반 인도에서,
인도,부족,인프라,
인도,부족,기술력,
제조 경쟁력,떨어짐,인프라 부족 때문에,
제조 경쟁력,떨어짐,기술력 부족 때문에,
인도,의존,선진국의 우수한 기술력,
선진국의 기술력,우수,에폭시 수지 분야에서,
재생 에너지에 대한 강조,지속,에너지 분야에서,
풍력 에너지 사용,증가,재생 에너지,
풍력 터빈 블레이드,사용,에폭시 수지,
에폭시 수지 수요,증가,풍력 터빈 블레이드 사용 증가 때문에,
에폭시 수지 수요,증가,풍력 에너지 사용 증가 때문에,
에폭시 수지 활용,증가,재활용 가능성 때문에,
에폭시 수지 활용,증가,개조 가능성 때문에,
재활용 가능 에폭시 수지,사용,다양한 산업에서,
개조 가능 에폭시 수지,사용,다양한 산업에서,
지속 가능성에 대한 관심,증가,전반적인 산업 분야에서,
환경적 규제,강화,산업 분야에서,
친환경 에폭시 수지 개발,주목,환경적 규제 강화 때문에,
저휘발성 유기 화합물(VOC) 에폭시 수지 개발,주목,지속 가능성에 대한 관심 증가 때문에,
친환경 에폭시 수지,개발,환경적 규제에 따라,
에폭시 수지,사용,여러 산업 분야에서,
에폭시 수지,사용,핵심 소재로,
에폭시 수지,사용,다목적성 덕분에,
에폭시 수지,사용,적응성 덕분에,
에폭시 수지,사용,페인트에,
에폭시 수지,사용,코팅제에,
에폭시 수지,활용,건축 산업에서,
에폭시 수지,활용,자동차 산업에서,
에폭시 수지,활용,에너지 산업에서,
에폭시 수지,활용,전자 산업에서,
에폭시 수지,성장,인도 시장에서,
에폭시 수지,예상,빠른 성장,
해양용 에폭시 수지,제조,소수의 기업에 의해,
해양용 에폭시 수지,증가,꾸준히,
인도,의존,해양용 에폭시 수지 수입에,
해양용 에폭시 수지 수요,거대,인도 자국 내에서,
해양용 에폭시 수지 수입,의존,독일에서,
해양용 에폭시 수지 수입,의존,일본에서,
해양용 에폭시 수지 수입,의존,네덜란드에서,
해양용 에폭시 수지 수입,의존,영국에서,
해양용 에폭시 수지 수입,의존,벨기에에서,
해양용 에폭시 수지 수입,의존,미국에서,
원유 가격 변동,영향,Epichlorohydrin 가격에,
원유 가격 변동,영향,bisphenol-A 가격에,
Epichlorohydrin,전구체,에폭시 수지,
bisphenol-A,전구체,에폭시 수지,
원유 가격 변동,장애물,에폭시 수지 제조업체에게,
VOC 배출 규제,엄격,환경 규제와 관련하여,
유해 폐기물 처리 규제,엄격,환경 규제와 관련하여,
환경 규제,엄격,휘발성 유기화합물(VOC) 배출에 대해,
환경 규제,엄격,유해 폐기물 처리에 대해,
규정 준수,필요,환경 규제 준수를 위해,
투자 필요성,중요함,규정 준수와 관련하여,
에폭시 수지 사용,적용,식품 포장에,
엄격한 규제,적용,에폭시 수지 사용에,
엄격한 규제,적용,식품 포장 용도에,
에폭시 수지의 활용성,원동력,다양한 산업 분야에서 사용되는,
에폭시 수지의 활용성,심화,제조업자들 간의 경쟁을,
에폭시 수지의 활용성,영향,품질에,
경쟁,심화,제조업자들 사이에서,
인도 에폭시 수지 시장,구성,Huntsman International LLC,
인도 에폭시 수지 시장,구성,KUKDO CHEMICAL CO. LTD,
인도 에폭시 수지 시장,구성,Hexion Chemicals India Private Limited,
인도 에폭시 수지 시장,구성,Aditya Birla Chemicals,
인도 에폭시 수지 시장,구성,Atul Limited,
Huntsman International LLC,제조,투명 에폭시 접착제,
Huntsman International LLC,제조,표준 경화 에폭시 접착제,
Huntsman International LLC,제조,수성 에폭시 방수 코팅,
Huntsman International LLC,제조,고속 경화 올 서페이스 에폭시 퍼티,
Huntsman International LLC,제조,접착제,
Huntsman International LLC,제조,실란트,
Huntsman International LLC,활용,페인트 및 코팅제 산업에서,
Huntsman International LLC,차지,상당한 시장 점유율,
Huntsman International LLC,차지,건설 분야에서,
Huntsman International LLC,차지,자동차 분야에서,
Huntsman International LLC,차지,산업 분야에서,
Huntsman International LLC,노력,지속 가능한 제품을 제공하기 위해,
Huntsman International LLC,노력,환경 친화적인 제품을 제공하기 위해,
KUKDO Chemical Co. Ltd.,나타남,높은 성장세,
KUKDO Chemical Co. Ltd.,나타남,건설 부문에서,
KUKDO Chemical Co. Ltd.,나타남,자동차 부문에서,
KUKDO Chemical Co. Ltd.,차지,중요한 위치,
KUKDO Chemical Co. Ltd.,차지,인도 에폭시 수지 시장에서,
KUKDO Chemical Co. Ltd.,대응,고성능 에폭시 수지 수요 증가에,
KUKDO Chemical Co. Ltd.,확장,생산,
KUKDO Chemical Co. Ltd.,확대,시장 입지,
고성능 에폭시 수지,사용,페인트 및 코팅제에,
고성능 에폭시 수지,사용,접착제에,
고성능 에폭시 수지,사용,실란트에,
고성능 에폭시 수지,사용,복합재에,
KUKDO Chemical Co. Ltd.,설립,새로운 공장을,
KUKDO Chemical Co. Ltd.,설립,2020년에,
새로운 공장,갖춤,연간 10만 톤의 생산 능력을,
KUKDO Chemical Co. Ltd.,늘림,생산 능력,
Hexion,제공,에폭시 수지 제품,
Hexion,제공,자동차 산업에,
Hexion,제공,건설 산업에,
Hexion,제공,전자 산업에,
Hexion,제공,다양한 에폭시 수지 제품,
자동차 산업,의존,에폭시 수지에,
건설 산업,의존,에폭시 수지에,
전자 산업,의존,에폭시 수지에,
Hexion의 제품,평판 좋음,성능 측면에서,
Hexion의 제품,평판 좋음,내구성 측면에서,
Hexion의 제품,평판 좋음,신뢰성 측면에서,
Hexion 제품,선호,부식 방지 응용 분야에서,
Hexion 제품,선호,구조용 접착제 응용 분야에서,
Hexion 제품,선호,전자 부품 제조 응용 분야에서,
Hexion,개발,지속 가능하고 친환경적인 에폭시 수지 배합,
Hexion,취득,에코바디스 실버 지속 가능성 평가,
Hexion,취득,ISCC 플러스 인증,
에폭시 수지 배합,개발,지속 가능하고 친환경적이다,
Aditya Birla Chemicals의 제품,사용,건설 산업에서,
Aditya Birla Chemicals의 제품,사용,자동차 산업에서,
Aditya Birla Chemicals의 제품,사용,전자 산업에서,
Aditya Birla Chemicals의 제품,사용,풍력 에너지 산업에서,
Aditya Birla Chemicals의 제품,활용,첨단 기술,
Aditya Birla Chemicals,위치,생산 공장을 인도에,
Aditya Birla Chemicals,위치,생산 공장을 태국에,
Aditya Birla Chemicals,위치,생산 공장을 독일에,
Aditya Birla Chemicals,구축,강력한 입지,
Aditya Birla Chemicals,구축,전 세계 에폭시 수지 시장에서,
Aditya Birla Chemicals,위치,인도에 생산 공장을,
Aditya Birla Chemicals,위치,태국에 생산 공장을,
Aditya Birla Chemicals,위치,독일에 생산 공장을,
Aditya Birla Chemicals,구축,강력한 입지를,
Aditya Birla Chemicals,구축,전 세계 에폭시 수지 시장에서,
Atul,생산,에폭시 수지,
Atul,생산,경화제,
Atul,판매,제품을 다양한 산업 분야에,
Atul,주요 업체,인도의 에폭시 수지 및 경화제 생산에서,
Atul,제공,폴리머 부문 제품,
Atul,제공,성능 소재 부문 제품,
폴리머 부문 제품,평가,"(폴리머 부문 제품, 평가받다, 기술적으로 의미 있는 제품으로)",
성능 소재 부문 제품,평가,기술적으로 의미 있는 제품으로,
폴리머 부문 제품,평가,인도 에폭시수지 시장에서 ,
성능 소재 부문 제품,평가,인도 에폭시 수지 시장에서,
Atul,달성,액체 폐수 무배출,
Atul,달성,"(Atul, 달성하다, 성과)",
액체 폐수,무배출,"(액체 폐수, 무배출이다, Atul 생산 현장에서)",
Atul,강조,"(Atul, 강조하다, 지속가능성)",
Atul,강조,"(Atul, 강조하다, 기업 운영에서 지속가능성)",
유통구조,구조,"(유통구조, 이루어지다, 제조업체 직접 판매로)",
대형 제조업체,구조,"(대형 제조업체, 이루어지다, 직접 판매로)",
대형 제조업체,판매,"(대형 제조업체, 판매하다, 고객에게 제품을 직접)",
대형 유통업체,확보,"(대형 유통업체, 가진다, 대규모 유통망)",
대형 유통업체,공급,"(대형 유통업체, 공급한다, 제품)",
대형 유통업체,공급,"(대형 유통업체, 공급한다, 대형 산업용 고객들)",
소형 리셀러,속함,소규모 유통업체,
소형 리셀러,공급,제품,
소형 리셀러,공급,중소기업,
소형 리셀러,공급,소규모 프로젝트,
전문 화학 유통업체,포함,특정 화학 제품에 특화된 유통업체들,
전문 화학 유통업체,제공,맞춤형 제품,
전문 화학 유통업체,제공,다양한 산업,
소매업체,포함,최종 소비자에게 제품을 판매하는 소매업체들,
소매업체,대상,DIY 사용자,
소매업체,대상,소규모 사용자,
대형 유통업체,포함,Aditya Birla Chemicals,
대형 유통업체,포함,Hexion,
대형 유통업체,포함,Huntsman International LLC,
소형 리셀러,존재,다양한 소규모 로컬 유통업체,
전문 화학 유통업체,존재,KUKDO CHEMICAL Co. Ltd,
전문 화학 유통업체,존재,Atul Ltd,
기타 소매업체,존재,3M,
기타 소매업체,존재,Henkel,
인도,존재,BIS 인증,
BIS 인증,관련,에폭시 수지,
BIS,의미,Bureau of Indian Standards,
BIS,인증,제품 품질,
BIS,인증,안전 표준 준수,
BIS,포함,에폭시 수지 관련 제품,
BIS 인증을 받지 않은 제품,불가능,인도 내 판매/유통,
기업,확인,자사 제품의 BIS 인증 필요 유무를,
기업,필요,철저한 준비,
인도에 진출하고자 하는 기업,필요,자사 제품의 BIS 인증 확인,
DCM Shriram,발표,1억2060만 달러 투자 계획을,
DCM Shriram,투자,그린필드 에폭시 수지 제조 공장에,
DCM Shriram,투자,향후 몇 년간,
DCM Shriram,확대,첨단 소재 생산을,
DCM Shriram,계획,첨단 소재 생산 확대를 위해 투자,
SLB,출시,EcoShield,
SLB,출시,2023년 3월에,
EcoShield,줄임,CO2 배출량,
EcoShield,시스템,무시멘트 지오폴리머,
SLB,줄임,CO2 배출량을 최대 85%까지,
SLB,비교,기존 시멘트와,
기존 시멘트,사용,포틀랜드 시멘트,
EcoShield 시스템,방지,연간 CO2 배출,
EcoShield 시스템,방지,최대 5백만 톤 CO2 배출을,
EcoShield 시스템,가짐,CO2 배출 방지 잠재력,
CO2 배출 방지,효과,연간 110만 대의 자동차 제거와,
EcoShield 시스템,동일,연간 110만 대 자동차 제거 효과와,
인도 내 에폭시 수지 제조업체들,집중,바이오 기술 기반 에폭시 수지에,
인도 내 에폭시 수지 제조업체들,집중,에폭시 수지 개발에,
바이오 기술 기반 에폭시 수지,개발,재생 가능한 원료에서,
에폭시 수지,개발,식물성 오일에서,
에폭시 수지,개발,설탕에서,
에폭시 수지,개발,리그닌에서,
에폭시 수지 제조업체들,사용,식물성 오일,
에폭시 수지 제조업체들,사용,설탕,
에폭시 수지 제조업체들,사용,리그닌,
인도 내 에폭시 수지 제조업체들,선호,넓은 활용성을 가진 특성,
넓은 활용성을 가진 특성,선호,기존 대비,
넓은 활용성을 가진 특성,포함,재생 가능성을,
이 전략,주목,최근 시장 트렌드로,
시장 트렌드,포함,넓은 활용성 선호 전략을,
인도 트렌드,필수적,이해,
맞춤형 제품 출시,필요,인도 현지 시장에 맞추어,
인도 트렌드를 이해하다,필수요소,인도 시장 공략을 위해,
맞춤형 제품 출시,필수요소,인도 현지 시장에 맞게,
Make in India 기조,고려,인도 정부 정책 중 하나로,
인도 정부 정책,포함,Make in India 기조를,
Make in India 기조,중요,인도 시장 진출을 위해,
Make in India 기조,고려,시장 진입을 위해,
기업,협력,현지 유통업체와,
기업,협력,현지 제조업체와,
기업,협력,기술 제휴,
협력,낮춤,시장 진입 장벽을,
기업,활용,인도 내 네트워크를,
네트워크,높임,제품의 인지도와 신뢰도를,
제품 인지도와 신뢰도,높임,인도 내 네트워크 활용으로,
가격 경쟁력 확보,중요,인도 시장에서,
가격 경쟁력 확보,전략,경쟁력 확보를 위한,
기업,필요,가격 경쟁력 확보,
기업,조달,원재료를 인도 내에서,
기업,절감,원가를 현지 생산을 통해,
기업,확보,가격 경쟁력을,
기업,운영,유연한 가격 정책을,
가격 정책,운영,인도 시장의 가격 민감도를 고려하여,
기업,고려,인도 시장의 가격 민감도를,
기업들,고려,다양한 전략들을,
인도 에폭시 수지 시장,산업,새로운 기회,
인도 에폭시 수지 시장,기회,기업들에게,
다양한 전략들,제공,새로운 기회,
금호 P&B,안정적,사업기반,
금호 P&B,안정성 요인,수직계열화된 생산체제,
금호 P&B,생산,페놀계 석유화학제품,
금호 P&B,주력 제품,BPA,
금호 P&B,주력 제품,에폭시 수지,
금호 P&B,주력 제품,페놀,
BPA,용도,폴리카보네이트(PC) 원료,
BPA,용도,에폭시 수지 원료,
에폭시 수지,용도,도료,
에폭시 수지,용도,코팅,
에폭시 수지,용도,접착제,
에폭시 수지,용도,전자용 절연소재,
페놀,용도,BPA 원료,
페놀,용도,카프로락탐 원료,
페놀,용도,가소제 원료,
금호 P&B 수직계열화 생산체계,첫 단계,큐멘,
금호 P&B 수직계열화 생산체계,두 번째 단계,페놀,
금호 P&B 수직계열화 생산체계,세 번째 단계,BPA,
금호 P&B,안정적,사업기반,
금호 P&B,과점적 내수시장,과점적 내수시장,
금호 P&B,상위권,글로벌 생산능력 순위,
금호 P&B,수직계열화된 구조,생산체계,
금호 P&B 수직계열화 생산체계,마지막 단계,에폭시 수지,
금호 P&B,페놀계에 집중,제품 포트폴리오,
금호 P&B,높은 편,실적 변동성,
실적 변동성,원인,페놀계 제품 포트폴리오 집중,
금호 P&B 사업 포트폴리오,집중 분야,페놀계 제품,
금호 P&B 다각화 수준,제한적,상위권 석유화학사 대비,
금호 P&B,전체 매출액 중 약 50%,수출 비중,
금호 P&B,영향,중국 시장 및 글로벌 수급,
금호 P&B,영향,글로벌 영업환경,
금호 P&B,높음,이익 변동성,
금호 P&B,원재료 가격 변동,이익 변동성,
금호 P&B,환율 변동,이익 변동성,
금호 P&B,주력 제품 국내 수급 상황 변화,이익 변동성,
금호 P&B,주력 제품 해외 수급 상황 변화,이익 변동성,
금호 P&B,우수함,재무안정성,
금호 P&B,영업현금흐름 개선,2021년 업황 호조,
금호 P&B,대폭 축소,재무부담,
금호 P&B,영업창출현금 내외 유지,투자규모,
금호 P&B,우수,재무안정성 지표,
금호 P&B,"금호 P&B 순현금 4,391억원",2024년 3월말 가결산 기준,
금호 P&B,금호 P&B 부채비율 20.7%,2024년 3월말 가결산 기준,
금호 P&B,금호 P&B 차입금의존도 2.9%,2024년 3월말 가결산 기준,
금호 P&B,업황 부진,2023년 주력 제품,
금호 P&B,저하,수익성,
금호 P&B,수익성 저하,주력 제품 업황 부진,
금호 P&B,1.5조원,2023년 매출액,
금호 P&B,YoY -31.3%,2023년 매출액 증감률,
금호 P&B,28억원,2023년 영업이익,
금호 P&B,YoY -99.1%,2023년 영업이익 증감률,
금호 P&B,0.20%,2023년 영업이익률,
금호 P&B,주력 제품 스프레드 하락,수요 부진,
금호 P&B,주력 제품 스프레드 하락,설비증설 부담,
금호 P&B,상승,원재료비,
금호 P&B,원재료비 상승,주력 제품 스프레드 하락,
금호 P&B,주력 제품,에폭시수지 가격,
금호 P&B,주력 제품,BPA,
금호 P&B,주력 제품,페놀,
금호 P&B,하락,가동률,
금호 P&B,수익성 양호,아세톤,
금호 P&B,수익성 양호,MIBK,
아세톤,낮은 수준,이익기여도,
MIBK,낮은 수준,이익기여도,
금호 P&B,약화,이익창출력,
금호 P&B,축소,순현금 규모,
금호 P&B 순현금 규모," -6,026억원",2021년 말,
금호 P&B 순현금 규모," -4,703억원 ",2022년 말,
금호 P&B 순현금 규모," -4,296억원",2023년 말,
금호 P&B,우수,재무안정성,
금호 P&B,약세,중단기 수익성 전망,
금호 P&B,우수한 수준 예상,재무안정성 전망,
금호 P&B 수요 회복,요인,중국 경기부양 정책,
금호 P&B 수요 회복,요인,중국 금리인하,
금호 P&B 수요 회복,요인,글로벌 긴축 정책 완화 전망,
금호 P&B 스프레드 개선 제약요인,부담,주력 제품 글로벌 설비증설,
금호 P&B 스프레드 개선 제약요인,심화,가격경쟁,
금호 P&B 수익성 전망,지속 예상,중단기 약세 기조,
금호 P&B,예상,자금잉여 창출 어려움,
금호 P&B,보수적인 투자정책,재무구조 저하 제한 요인,
금호 P&B,풍부한 유동성,재무구조 저하 제한 요인,
금호 P&B,급격한 저하 가능성 제한적,재무구조 저하 가능성,
금호 P&B 주력 제품,글로벌 수급 변동 추이,에폭시,
금호 P&B 주력 제품,글로벌 수급 변동 추이,BPA,
금호 P&B 주력 제품,글로벌 수급 변동 추이,페놀,
금호 P&B 주력 제품,스프레드 변동 추이,에폭시,
금호 P&B 주력 제품,스프레드 변동 추이,BPA,
금호 P&B 주력 제품,스프레드 변동 추이,페놀,
금호 P&B,수직계열화된 생산체제,안정적 사업기반,
금호 P&B,생산능력 확장,안정적 사업기반,
금호 P&B,페놀계 석유화학제품,전문 생산업체,
금호 P&B,주력 제품,BPA,
금호 P&B,주력 제품,에폭시 수지,
금호 P&B,주력 제품,페놀,
BPA,용도,폴리카보네이트(PC) 원료,
BPA,용도,에폭시 수지 원료,
에폭시 수지,용도,도료,
에폭시 수지,용도,코팅,
에폭시 수지,용도,접착제,
에폭시 수지,용도,전자용 절연소재,
페놀,용도,BPA 원료,
페놀,용도,카프로락탐 원료,
페놀,용도,가소제 원료,
금호 P&B,생산 체제,수직계열화된 구조,
2023년 매출 비중,약 75%,에폭시·BPA·페놀,
2023년 매출 비중,31.00%,에폭시수지,
2023년 매출 비중,34.00%,BPA,
2023년 매출 비중,10.00%,페놀,
금호 P&B,에폭시 높음,손익기여도,
금호 P&B,BPA 높음,손익기여도,
금호 P&B,페놀 높음,손익기여도,
금호 P&B 생산 체제,첫 단계,큐멘,
금호 P&B 생산 체제,두 번째 단계,페놀,
금호 P&B 생산 체제,세 번째 단계,BPA,
금호 P&B 생산 체제,마지막 단계,에폭시수지,
금호 P&B,2023년 말 기준 생산능력,페놀 68만톤,
금호 P&B,2023년 말 기준 생산능력,BPA 45만톤,
금호 P&B,연 30만톤 상회,에폭시수지 생산능력,
금호 P&B,지속적인 설비 확장,에폭시수지 생산능력 증가 이유,
금호 P&B,과점적 지위 유지,"BPA, 국내시장 지위",
금호 P&B,과점적 지위 유지,"에폭시, 국내시장 지위",
금호 P&B,5~6위권,"BPA·에폭시, 글로벌 시장 지위",
금호 P&B,우수한 수준 확보,시장 지위,
금호 P&B,높음,실적 변동성,
금호 P&B,주력 제품 업황 부진,수익성 저하 원인,
금호 P&B,수익성 저하,결과,
금호 P&B,페놀계 제품에 집중,사업 포트폴리오,
금호 P&B,상위권 석유화학사 대비 제한적,다각화 수준,
금호 P&B,전체 매출액의 약 50%,수출 비중,
금호 P&B,영향,중국 시장 수급,
금호 P&B,영향,글로벌 수급 및 영업환경,
금호 P&B,높게 나타남,이익 변동성,
원재료 가격 변동,원인,이익 변동성,
환율 변동,원인,이익 변동성,
주력 제품 국내 수급 상황 변화,원인,이익 변동성,
주력 제품 해외 수급 상황 변화,원인,이익 변동성,
금호 P&B,사상 최대 달성,영업실적,
BPA 스프레드,상승 원인,코로나19 팬데믹 종료 후 Pent-up 수요 발현,
BPA 스프레드,상승 원인,경쟁사 생산 차질,
2022년 하반기,수익성 저하 원인,경기침체 기조로 인한 수요 부진,
수익성 저하,원인,업황 호조 기간 중 설비증설 부담,
수익성 저하,원인,고유가 기조로 인한 원재료비 상승,
금호 P&B,저하 추세 지속,수익성,
금호 P&B 매출액,1.5조원,규모,
금호 P&B 매출액,전년 대비 31.3%,감소율,
금호 P&B 영업이익,손익분기,수준,
금호 P&B 영업이익률,28억원,규모,
금호 P&B 매출액,0.20%,비율,
금호 P&B,동반 하락,2023년 주요 제품별 스프레드,
에폭시,저가 물량 증가 원인,중국·대만 중심,
에폭시,경쟁 심화 원인,저가 물량 증가,
에폭시 2023년 평균 판매단가,하락 폭,2022년 대비 약 40%,
에폭시 스프레드,축소 원인,중국 건설 및 산업경기 부진,
에폭시 스프레드,축소 정도,판매단가 하락 폭 상회,
페놀,전방제품 수요 부진,에폭시 등,
BPA,전방제품 수요 부진,에폭시 등,
금호 P&B 2023년,사상 최대치 증가,설비증설 규모,
금호 P&B 2023년,크게 저하,수급,
금호 P&B 2023년 연평균 스프레드,2022년 대비 60~70%,하락 폭,
금호 P&B,전년 대비 20%p 하락,2023년 평균 가동률,
가동률 하락,원인,수요 부진과 수익성 저하 영향,
금호 P&B,증가,고정비 부담,
아세톤,공급 감소,판매단가 상승 원인,
MIBK,타이트한 상태 지속,수급 상황,
금호 P&B,상대적으로 양호,아세톤·MIBK 수익성 추이,
금호 P&B,높지 않은 수준,이익 기여도,
금호 P&B,역부족,주력 제품 실적 부진 보완,
중국 소비진작 및 경기부양 정책,금호 P&B 주력 제품 수요 회복,긍정적 요인,
중국 소비진작 및 경기부양 정책,금호 P&B 주력 제품 스프레드 회복,긍정적 요인,
주요 전방 산업,호조,조선 업황,
2024년 하반기,전망,금리 인하,
금호 P&B,점진적 시현 가능성,수익성 회복세,
페놀,수요 증분 상회 예상,글로벌 설비 증설 전망,
BPA,수요 증분 상회 예상,글로벌 설비 증설 전망,
아시아 저가제품 공급 증가,영향,에폭시 가격 경쟁 심화 가능성,
금호 P&B 주요 제품,크지 않을 전망,스프레드 반등 폭,
금호 P&B 주요 제품,크지 않을 전망,수익성 개선 폭,
금호 P&B,수익성 약세 국면 지속 예상,중단기 업황 전망,
금호 P&B,업황 호조로 개선,2021년 영업현금흐름,
금호 P&B,재무부담 대폭 축소,영업현금흐름 개선 효과,
금호 P&B,우수한 수준 유지,재무안정성,
금호 P&B,증설 투자,에폭시 생산설비,
금호 P&B,2021년,금호리조트 지분 인수,
금호 P&B,2021년 943억원,금호리조트 유상증자 참여,
금호 P&B,33.30%,금호리조트 지분율,
금호 P&B,2022년,OCI Kumho Sdn. Bhd JV 지분 투자,
금호 P&B,50.00%,OCI Kumho Sdn. Bhd JV 지분율,
OCI Kumho Sdn. Bhd JV,투자 목적,ECH 생산,
금호 P&B,502억원,OCI Kumho Sdn. Bhd JV 투자 금액,
금호 P&B,연간 약 500억원,배당금 지급,
배당금 지급,2022년부터,시작 시기,
금호 P&B,영업창출현금을 크게 상회하지 않음,자금 소요,
금호 P&B,여전히 우수,재무안정성 지표,
금호 P&B 순현금,2024년 3월 말 기준,"4,391억원",
금호 P&B 부채비율,2024년 3월 말 기준,20.70%,
금호 P&B 차입금의존도,2024년 3월 말 기준,2.90%,
금호 P&B,약세 전망,중단기 수익성,
수익성 약세,원인,업황 부진,
금호 P&B,지속 계획,경상투자,
금호 P&B,지속 계획,에폭시 설비 증설,
금호 P&B,계획 존재,신사업 지분투자,
금호 P&B,당분간 어려움 예상,자금잉여 창출,
금호 P&B,투자규모 및 시기 조절,영업실적 추이에 따라,
금호 P&B,보수적 유지 전망,재무정책,
금호 P&B,풍부함,유동성,
금호 P&B,약 5천억원 보유,현금 및 장단기 금융상품,
금호 P&B,제한적 판단,재무구조 저하 가능성,
금호석유화학 그룹,계열 분리,금호아시아나 그룹,
공정거래위원회,계열 분리,승인 기관,
금호석유화학 그룹,2015년 11월,계열 분리 시점,
금호석유화학 그룹,13개사,계열사 수,
금호석유화학 그룹,동사,포함 회사,
금호 P&B,페놀계 제품에 대한,사업경쟁력,
금호 P&B,그룹 내 핵심 계열사로 인정,중요성,
금호 P&B,그룹 내 높음,자산 및 이익창출 비중,
금호 P&B 신용등급,반영되지 않음,계열 지원 가능성,
계열 지원 가능성 배제 이유,크지 않음,신용도 격차,
금호 P&B 수요 회복 요인,경기부양 정책,중국,
금호 P&B 수요 회복 요인,인하,하반기 금리,
에폭시,글로벌 설비증설 부담,스프레드 개선 폭 제약,
BPA,글로벌 설비증설 부담,스프레드 개선 폭 제약,
페놀,글로벌 설비증설 부담,스프레드 개선 폭 제약,
에폭시,가격경쟁 심화,스프레드 개선 폭 제약,
BPA,가격경쟁 심화,스프레드 개선 폭 제약,
페놀,가격경쟁 심화,스프레드 개선 폭 제약,
금호 P&B,수익성 약세 국면 전개 예상,업황 부진,
금호 P&B,수익성 약세,업황 부진에 따른,
금호 P&B,자금 소요,경상투자 및 에폭시 설비 증설,
금호 P&B,자금 소요,신사업 관련 지분투자,
금호 P&B,당분간 어려움 예상,자금잉여 창출 전망,
금호 P&B,유연성 있음,투자 정책,
금호 P&B,풍부함,유동성,
금호 P&B,단기간 내 제한적 판단,재무구조 저하 가능성,
